,pid,Comfort,Anxiety,LatDist,LongDist,MaxVel,MeanVel,MaxLatAcc,MeanLatAcc,MaxLongAcc,MeanLongAcc,MaxLatJerk,MeanLatJerk,MaxLongJerk,MeanLongJerk,NumPks,MaxPkAmp,MeanScl,MeanEntropy,MaxEntropy,MeanDwell,MaxDwell,MeanHr,MaxHr,Event,Trial
0,25,10,1,6.474984,200.0,10.271985,10.01176079,0.600456,0.1511953465,-0.596865,0.43507709899999997,-0.617045,0.1888666287,0.580091,0.042494059400000006,1,-0.1275198119,-0.3551013859,0.2861873431,0.3007512928,0.5080002551,0.6316704194,94.65467548,107.94457560000001,1,2
1,25,9,2,200.0,200.0,10.338778,4.653754741,-0.383833,0.122324759,-2.944633,1.135774771,0.49029799999999996,0.08516372289999999,2.923728,0.5027934458,2,1.39617682,0.47530930299999996,0.26805823370000004,0.3029988357,0.5154260948,0.7460255241,86.51015487,114.7850467,2,2
2,25,8,1,200.0,18.986676,9.633541000000001,2.463980569,-0.152322,0.0342431186,-2.930145,0.8791575448000001,-0.277891,0.0340155109,3.3275349999999997,0.3655485182,3,1.607520958,0.5481559487,0.20847944329999998,0.2518248085,0.6835034484,0.8781874506,104.66443149999999,134.8316066,3,2
3,25,8,2,200.0,200.0,9.710018,8.851738958,3.789225,1.673985073,-1.9321959999999998,0.49356396140000003,-2.043432,0.7673101815000001,-0.972836,0.23156051739999997,1,0.9383381440999999,-0.0201225755,0.262981069,0.3046823517,0.4518781707,0.5541434156,74.19319524,80.24418168,4,2
4,9,6,3,7.20242068,200.0,10.205718,9.713494741,0.551719,0.1872449552,-0.368637,0.15947701,-0.147836,0.049932900499999995,0.093252,0.0339666965,1,0.0134421928,-0.0209360076,0.2027091214,0.23531940329999998,0.796694322,0.872296948,130.1903634,170.8384038,1,0
5,9,5,3,200.0,30.851827,9.749951,4.24831757,-0.306346,0.1046361425,-2.8958150000000002,0.9307084575,0.193598,0.0353097589,1.13909,0.2620015452,1,0.21899255480000002,0.0751451571,0.248384666,0.2852129243,0.5500947002000001,0.709840096,124.7739169,190.89785940000002,2,0
6,9,4,4,200.0,16.274537,11.612985,1.722668724,0.8384469999999999,0.19847763370000002,-4.025229,0.8164770926,-0.239828,0.028833315800000002,-2.072683,0.23129588,1,0.5733652268,0.2653213791,0.22368893329999998,0.31206746879999997,0.5106886632,0.7445915853,91.6428619,135.0315064,3,0
7,9,6,3,200.0,200.0,9.737537,9.096516889,3.9430080000000003,1.745049265,-1.477924,0.4243337549,-0.872029,0.3052763953,-0.324383,0.0717470198,2,0.11373698369999999,-0.0037187487,0.22634968100000002,0.27844023170000004,0.6406535663,0.9023522140000001,126.4936256,138.07509140000002,4,0
8,12,9,2,6.442908999999999,200.0,10.157352000000001,9.639806248,0.49912799999999996,0.1763108911,-0.350711,0.1814038911,-0.372028,0.1293855149,0.274781,0.0845302525,1,-0.28566140100000004,-0.5190147521,0.2266288234,0.257818251,0.4426592468,0.5113294970000001,92.90408231,105.53113190000002,1,0
9,12,8,2,200.0,37.279955,11.461219,2.478270815,-0.373523,0.1306819003,3.1122229999999997,0.6775626093000001,-1.111977,0.058472008,-3.148629,0.34338498549999996,2,0.466918964,0.1255327087,0.2407757498,0.29667826129999997,0.5110847622,0.727545135,117.044128,138.56282019999998,2,0
10,12,8,3,200.0,10.320844000000001,11.123683,2.117054557,1.031733,0.2121524081,-3.220238,0.8509511787999999,1.1403969999999999,0.1314744358,3.203503,0.5109070101,3,0.8169232683,0.3815761139,0.2350919745,0.2713263024,0.636626561,0.7300054631,111.4290645,125.1522128,3,0
11,12,8,2,200.0,200.0,9.691564999999999,9.019081482,3.818189,1.673830126,-1.664475,0.41601209409999995,-2.283818,0.7451067607999999,-0.9616969999999999,0.20315865100000002,1,-0.2955416266,-0.2946411468,0.2408367463,0.2645192716,0.5037863219,0.5636147745000001,87.67024748,97.17881306,4,0
12,29,10,1,5.0689,200.0,10.227844000000001,9.928766783,0.566438,0.1763419064,-0.785211,0.47177899009999996,-0.7918470000000001,0.19080820690000003,0.46323000000000003,0.0652368325,0,-0.0007284813,-0.0007284813,,,0.27242005210000003,0.4654065676,86.79022875,118.9538625,1,1
13,29,4,6,200.0,200.0,10.443008,4.491021807,-0.381196,0.1376920922,-2.829516,1.074766899,-0.466355,0.0902562133,2.996394,0.4523382305,0,-0.0017153879000000002,-0.0017153879000000002,,,0.4967512372,0.5895419944,84.89513597,126.64159690000001,2,1
14,29,4,8,200.0,11.750838,10.045055,2.718173476,-0.188747,0.08476877320000001,-2.580416,0.7193637618000001,-0.224161,0.0298594386,2.766979,0.3304031853,0,-0.0008801655,-0.0008801655,,,0.1836879187,0.509324394,103.1640261,159.7565824,3,1
15,29,9,1,200.0,200.0,9.356995,6.795033492999999,2.254955,0.9988334119,-1.902809,0.7074389224,1.603991,0.4662214179,-1.281225,0.2854888896,0,0.0010117036,0.0010117036,,,0.1121135883,0.1323483278,85.62980685,104.2962321,4,1
16,26,7,4,8.856839,200.0,10.278255,10.02051264,0.601209,0.15883786630000002,-0.639578,0.44831296530000003,0.634012,0.1783963564,0.64708,0.0398265594,3,0.5657296425,0.1973792434,0.2089361699,0.2274269921,0.5708002499,0.6898005026,120.14659350000001,129.17974099999998,1,2
17,26,7,5,200.0,200.0,10.301630000000001,4.634058078,-0.375609,0.1291000329,-2.965187,1.1196791590000001,-0.502256,0.0967488623,2.855295,0.5015163353000001,2,0.4556557118,0.1109406241,0.23159305649999998,0.2633558446,0.4872422519,0.7360601994,116.41291809999998,132.8062206,2,2
18,26,6,4,200.0,20.409491,9.595595,2.224021823,-0.20961999999999997,0.0414194639,-2.848224,0.8018145952,-0.271621,0.0305081488,2.952909,0.3102197374,2,0.4917070103,0.09483714310000001,0.2295782778,0.2544724164,0.6470748123,0.8182591303,119.4116646,134.7849986,3,2
19,26,6,3,200.0,200.0,9.804777,9.040500272000001,3.7225660000000005,1.6748439330000002,-1.3305639999999999,0.4054422598,-2.181189,0.7784915276000001,-0.9016629999999999,0.2217688189,2,0.16206024800000002,-0.054626375899999996,0.2228832071,0.2642357395,0.4624092573,0.5074818808,121.47054609999999,131.9639166,4,2
20,26,7,4,9.561311,200.0,10.183736999999999,9.747709642,0.563829,0.1901451045,-0.388518,0.1414421791,-0.378454,0.13496472140000002,0.21743099999999999,0.0841783831,1,0.17362665260000001,-0.1038192126,0.25589117289999996,0.2722087802,0.47325916,0.5629430022999999,117.43986840000001,121.3378567,1,3
21,26,6,5,200.0,28.689034000000003,10.403267999999999,3.627709643,-0.427367,0.12331814390000001,-3.081222,0.8638722690999999,-0.542246,0.0799118005,2.7677389999999997,0.4631305499,2,0.7680109651,0.1650834886,0.2638253592,0.2946672172,0.5448880459000001,0.7118179728,115.9232743,132.6516973,2,3
22,26,6,4,200.0,16.976608,8.893488,1.420848338,0.602068,0.1939750893,-3.029197,0.6549985953999999,0.849642,0.0659288914,3.0373959999999998,0.3351923555,1,0.38168009270000003,0.0933358891,0.21930078079999998,0.2639743166,0.6065004547999999,0.9444599067,118.6497433,142.2651407,3,3
23,26,8,3,200.0,200.0,9.662567,6.051019929,2.2408259999999998,0.9266223951000001,-1.883427,0.8032833842,1.549372,0.4129669428,-1.6528060000000002,0.34916114439999996,3,0.3118954419,0.0654692709,0.24387056640000002,0.3005595694,0.4482314151,0.597844384,122.6803914,137.03399419999997,4,3
24,22,4,8,6.667385,200.0,10.167594,9.912656103,0.45443599999999995,0.134690335,-0.622364,0.40368141869999996,0.351985,0.07046990639999999,0.23530399999999999,0.028554965499999998,0,-0.0144099562,-0.0144099562,0.2056397186,0.23840807760000002,0.6804821238,0.7619485815000001,123.02614720000001,130.12416399999998,1,1
25,22,8,4,200.0,200.0,11.125993,2.7039032780000003,-0.36787600000000004,0.0962820922,3.278797,0.7492358295999999,0.21229,0.0246326748,-1.295423,0.1531423687,2,0.2578335176,0.0575794603,0.1793606332,0.2832471879,0.33642242450000004,0.5195123438,143.2027532,160.96889769999999,2,1
26,22,3,7,200.0,7.66683,10.099496,2.8385412839999997,-0.168006,0.073093902,-2.804834,0.5917720000000001,0.089922,0.014644148999999999,1.222623,0.1810353882,4,0.3323257845,0.1450597625,0.18872826,0.2526990075,0.48741762479999995,0.7258889136,155.0397142,185.863999,3,1
27,22,6,7,200.0,200.0,9.780411,9.060289257,3.780124,1.6967194509999999,-1.131713,0.3732322213,-0.8689690000000001,0.29436020949999997,-0.376792,0.075487253,0,0.0194057181,0.0194057181,0.2098086004,0.2599375965,0.28893460460000003,0.3691104454,147.4180108,151.194525,4,1
28,23,9,1,6.308796,200.0,10.230265,9.89397101,0.603755,0.1592745735,-1.024089,0.5116061765,-1.022083,0.19783645589999999,-0.873822,0.1092912304,0,-0.0594651867,-0.0594651867,,,0.20111995829999998,0.2992467956,94.53039734,114.63748819999999,1,2
29,23,8,2,200.0,200.0,10.446157000000001,4.462529147,-0.349002,0.1216477701,-2.848576,1.083279463,0.560751,0.0892667241,2.868004,0.4701124598,1,0.0934219743,-0.0084616737,,,0.0416616977,0.07844213629999999,118.5591929,126.1898971,2,2
30,23,7,2,200.0,11.646453999999999,8.241094,2.3129062119999997,-0.14798599999999998,0.0714168018,-2.579232,0.77594859,-0.302182,0.035836949900000005,2.7251119999999998,0.44596126880000003,1,0.40616748020000004,0.1304960347,,,0.0561099745,0.1344481975,103.1508879,120.89254540000002,3,2
31,23,8,1,200.0,200.0,9.683503,7.35430941,2.253803,1.0887791470000001,-1.6591790000000002,0.5809097147,1.56339,0.47707158969999997,-1.276229,0.3281328333,0,-0.10302005560000001,-0.10302005560000001,,,0.13774946710000002,0.2989577099,102.22640820000001,128.652283,4,2
32,23,10,1,8.819716,200.0,10.298353,9.971816515,0.579012,0.1586164257,-0.596175,0.4438393564,-0.870343,0.1894740149,0.392944,0.0426207079,0,0.0339795483,0.0339795483,,,0.0634090143,0.0922440568,107.55899720000001,117.17913270000001,1,1
33,23,6,2,200.0,200.0,10.337850999999999,4.727881486,-0.345097,0.12119154130000001,-2.87914,1.1474929729999999,-0.529586,0.09367837609999999,3.08542,0.5051085872,1,0.2888959734,0.0514065592,,,0.0322001834,0.0740926315,117.75625990000002,132.4544191,2,1
34,23,7,2,200.0,19.185779999999998,10.118048,3.24397087,-0.13209300000000002,0.0510114787,-2.787218,0.7637091865000001,-0.267303,0.0372297371,2.931177,0.486449809,2,0.2721795846,0.14010794599999998,,,0.1493561017,0.40120694869999995,112.25626100000001,124.32097949999999,3,1
35,23,8,2,200.0,200.0,9.854510000000001,9.068151261,3.7341480000000002,1.700235589,-1.4822469999999999,0.39659833990000004,-2.101134,0.733393083,-1.056749,0.2143336443,1,-0.011734758,-0.0072769874,,,0.12638436320000002,0.1645895445,90.06707424,95.52405859,4,1
36,29,10,1,3.9384879999999995,200.0,10.19337,9.72289796,0.5063350000000001,0.18171997510000001,-0.361581,0.1488572687,-0.403314,0.129024801,0.2578,0.0769100896,0,-0.0012629411,-0.0012629411,0.2547207057,0.2821882561,0.4206909705,0.5674950709000001,125.87612069999999,141.7579464,1,3
37,29,8,3,200.0,200.0,10.292577,2.7576737139999996,-0.369942,0.128332516,-2.879089,0.7045355195999999,-0.450427,0.0605735071,2.855152,0.3011661388,0,0.0005749335,0.0005749335,0.2239882146,0.26415692949999997,0.4760338554,0.6970122478,93.41811474,131.1048056,2,3
38,29,8,3,200.0,13.616451999999999,9.907091000000001,1.80893187,1.010325,0.1778475055,-3.087891,0.7705740374,0.83767,0.09759536699999999,3.0737490000000003,0.4019504571,0,6.07e-05,6.07e-05,0.1413835828,0.2282124811,0.7359590658,0.9987401559,85.21370363,93.06477089,3,3
39,29,9,1,200.0,200.0,9.872283,8.995196634,3.8047800000000005,1.6980209569999998,-2.115959,0.466125815,-2.198932,0.7715897835,-1.287952,0.2632934843,0,-0.0011336367,-0.0011336367,0.18149888760000002,0.21889821850000002,0.7912153619,0.8643737184,83.33524976,108.1902857,4,3
40,14,10,1,9.164601,200.0,10.129455,9.714832584,0.5617850000000001,0.1831597079,-0.369765,0.12772532179999999,-0.409997,0.12391777720000001,0.247356,0.0747644901,0,0.1633309782,0.1633309782,0.2667670203,0.2961993615,0.7299569570000001,0.8139220845,103.0092444,106.81977890000002,1,3
41,14,10,1,200.0,36.277926,10.131467,4.636357937,-0.36657199999999995,0.13012057189999998,-2.744268,1.099580389,-0.415113,0.09002476949999999,2.897043,0.48957618259999997,1,0.06513835650000001,-0.176801855,0.2869876695,0.3212830171,0.48904680310000004,0.5825906744,85.11801187,93.87783784,2,3
42,14,10,2,200.0,14.672018,9.624711999999999,1.658007176,0.9514370000000001,0.20394711780000002,-2.847273,0.7118680918000001,-1.080686,0.09918605189999999,-2.838382,0.35713109579999996,2,0.492323145,0.1409792552,0.1754504332,0.2874034955,0.7719596254000001,0.9585993825,97.38984648,107.48189440000002,3,3
43,14,10,1,200.0,200.0,9.837434,8.883637656,3.8858589999999995,1.688775286,-2.068883,0.5251639691,-2.253139,0.7796595598,-1.470535,0.2440613784,0,-0.1451916053,-0.1451916053,0.26959705030000003,0.3093479372,0.5486639941,0.6096291804,92.35565799,108.0400292,4,3
44,20,8,2,9.947635,200.0,10.171964,9.76396145,0.575599,0.188644955,-0.386642,0.124559145,0.185728,0.05182728,0.096304,0.033466445,0,-0.1940104049,-0.1940104049,0.163021887,0.20634243600000002,0.8739726711,0.9105290111,102.21640190000001,112.5217262,1,3
45,20,6,4,200.0,34.503818,10.398612,4.662246688,-0.345049,0.1282389189,-2.823021,1.135093291,0.199041,0.0341825526,1.161486,0.18705408710000002,2,0.8606204132999999,0.3584673136,0.21438263649999997,0.2857546518,0.8085751964,0.8822991812000001,148.51876430000002,167.102484,2,3
46,20,4,1,200.0,16.605116,9.40375,2.082918382,0.843317,0.2068861772,-2.979878,0.8287941671,-0.341264,0.042614111399999995,1.170895,0.1624841266,1,0.2284913686,0.06863380000000001,0.1399416099,0.22662264769999999,0.8441238379000001,0.9645520955,102.7538783,122.8058933,3,3
47,20,8,2,200.0,200.0,9.748364,7.526777947,2.259484,1.123147503,-1.622571,0.5252796349000001,0.639736,0.19046722370000002,-0.509475,0.1338636414,2,0.45563288119999995,-0.1070985955,0.27910434149999996,0.3082300548,0.6445987045,0.7138559237000001,95.47978016,118.00099499999999,4,3
48,19,8,1,7.919749,200.0,10.153947,9.674154702000001,0.562592,0.18509488059999998,-0.39024699999999996,0.14941155220000002,-0.43449,0.1394771343,0.23335799999999998,0.0851004876,0,0.0984601667,0.0984601667,0.143657234,0.18821434850000002,0.8907119472,0.9324757705,101.72048050000001,107.3988653,1,3
49,19,7,2,200.0,27.371723,10.399285,4.5762101,-0.385984,0.132725351,-2.828138,1.10069608,-0.46845299999999995,0.09044445720000001,2.931062,0.4633706814,1,0.6231511952000001,0.060341150999999996,0.18145212460000001,0.2164432107,0.7544990367000001,0.8703069768,84.06285488,106.7560747,2,3
50,19,7,2,200.0,16.989849,9.105821,1.857060027,0.547343,0.1811208054,-2.938423,0.7430261387,-0.863806,0.0699614228,2.986098,0.36338700450000005,2,1.036574911,0.3556141618,0.1413660682,0.185481205,0.885962378,0.9325964506000001,98.03030185,119.69801059999999,3,3
51,19,8,1,200.0,200.0,9.658535,6.765443651,2.23275,1.002682719,-1.605014,0.7058979823999999,1.573342,0.4745913226,-1.300857,0.2839697185,2,-0.024780414,-0.1111313776,0.2539702716,0.2999878333,0.6349376322,0.7467157543999999,103.1959095,126.02571259999999,4,3
52,25,9,1,8.236888,200.0,10.19378,9.740169657000001,0.5776979999999999,0.1897132139,-0.372786,0.152729801,0.423965,0.1394785373,0.283958,0.0868130945,0,-0.4740991049,-0.4740991049,0.2924570167,0.3128858811,0.4968102307,0.6155986794,88.93488373,91.17962437,1,0
53,25,7,1,200.0,29.878565999999996,10.389511,2.7033282389999997,-0.41641999999999996,0.1217010716,-3.133321,0.6891513997,0.492542,0.059007822,3.074705,0.3269228272,2,0.5149874149,0.3079214504,0.24947256559999997,0.2862607339,0.48687028979999997,0.6516737883,84.79605466,162.1456625,2,0
54,25,7,2,200.0,16.901889999999998,9.010853,2.029648819,0.6416890000000001,0.1898865272,-2.943724,0.8388935446,0.616185,0.093458505,3.021591,0.44842347520000003,3,0.8198984551999999,0.19716054789999998,0.2643662538,0.3005676355,0.5858251126,0.7981484956,73.5911145,94.75453215,3,0
55,25,8,1,200.0,200.0,9.687887,5.8527642460000004,2.247584,0.9087881137999999,-1.7949509999999997,0.7811153175,1.6847299999999998,0.4030646032,1.5921,0.3352903889,3,0.3785922553,0.0416415738,0.3179074406,0.3360701301,0.5365876464,0.602349076,72.29933764,81.34097056,4,0
56,13,9,1,10.207980000000001,200.0,10.196278999999999,9.908416068,0.475876,0.1695492244,-1.014697,0.44650915119999995,0.38806599999999997,0.0827401366,-0.338484,0.05231335610000001,1,0.2608117202,0.1262623657,,,0.7944893764000001,0.8842070490999999,98.25434231,116.2029889,1,2
57,13,9,1,200.0,200.0,10.456412,4.000436688,-0.349022,0.1301879871,3.105196,1.028075639,0.22610999999999998,0.0352267861,-1.180266,0.2157032732,1,-0.0003941035,-0.0192275518,,,0.9193166804,0.9806241170000001,124.7765107,162.8177866,2,2
58,13,9,1,200.0,18.594269,9.774242999999998,2.055871871,-0.220363,0.1077398929,-2.620043,0.7006651879000001,0.10002799999999999,0.012731296999999999,1.17746,0.1310845273,1,0.10764347630000001,0.0007701928,,,0.8584519240999999,0.9865773684999999,112.00935190000001,142.19933740000002,3,2
59,13,9,1,200.0,200.0,9.705492,4.394078399,2.266388,0.6791723781,-1.7358369999999999,0.6220344875,-0.691361,0.1257681536,0.627985,0.0992223743,2,0.06355273339999999,-0.0072252995,,,0.7066503483,0.9205549057,137.1477295,169.9236426,4,2
60,27,9,1,6.919282000000001,200.0,10.289793,9.988915387999999,0.547842,0.1412774328,-0.627778,0.4443383831,0.205804,0.0634470498,-0.159432,0.0155247015,0,-0.0329040604,-0.0329040604,0.24572637309999998,0.2700114965,0.7421607629000001,0.8205523116,140.2628638,153.6332252,1,1
61,27,7,1,200.0,200.0,9.952652,4.583941106,-0.351989,0.11834059,-2.9955439999999998,1.084409041,0.238563,0.0338146431,1.241111,0.1939230649,0,0.014784678899999999,0.014784678899999999,0.28324753010000003,0.34526537409999997,0.6238482476,0.7881218440000001,163.0293868,186.36082539999998,2,1
62,27,6,2,200.0,24.92246183,10.070122999999999,2.594044025,-0.148887,0.051118712999999996,-2.757767,0.6612360632000001,-0.115165,0.0130330054,1.1596540000000002,0.1758887852,1,0.0687616559,-0.006753803199999999,0.3072246977,0.33440242579999996,0.6179201087,0.8060958492,125.53608759999999,132.2749719,3,1
63,27,7,5,200.0,200.0,9.823943,9.07157021,3.797097,1.712196324,-1.547854,0.40504301979999996,-0.8346309999999999,0.3061388814,-0.44273,0.0828699881,0,-0.0334834153,-0.0334834153,0.2385024209,0.2516877522,0.4040364747,0.4629657835,159.98092549999998,188.515544,4,1
64,20,5,5,9.166766,200.0,10.157048,9.635700137999999,0.549236,0.17964330539999998,-0.386456,0.16542398519999998,0.167716,0.054394468,0.129217,0.0344169064,3,0.2280685457,0.033131627999999996,0.2061909884,0.2431354959,0.8085562479,0.8562570076999999,89.05057020000001,101.90654740000001,1,0
65,20,4,2,200.0,38.601606,10.380272999999999,4.739783083,-0.333809,0.1320137187,-2.7427599999999996,1.155022609,0.259807,0.0372820367,1.136448,0.1848878532,1,0.3205891121,0.05833987349999999,0.2372831225,0.30899423989999997,0.7336801811,0.8403485312000001,80.98704044,89.79846285,2,0
66,20,2,4,200.0,12.376614,10.024397,1.606911264,1.096583,0.2012944932,2.9807360000000003,0.7621983903,0.342235,0.039230895099999996,1.2071180000000001,0.1445378369,2,0.6752005107,0.0388816093,0.1907817809,0.3057060141,0.7583904243,0.8963307025,109.040102,118.98299479999999,3,0
67,20,4,1,200.0,200.0,9.574089,7.379075157999999,2.245508,1.07025427,-1.581207,0.5407148714,0.635083,0.18674540190000002,-0.594218,0.1472305466,1,0.2538500647,0.026918966699999998,0.2424104934,0.2744359891,0.7430509914,0.8257157556999999,94.00684735,111.66063179999999,4,0
68,14,10,1,5.686551000000001,200.0,10.306953,9.925774338,0.571779,0.17503652449999998,-0.556114,0.4261826275,0.907198,0.1987285784,-0.25966,0.0429689559,0,-0.2415345348,-0.2415345348,0.1886335847,0.24158575640000002,0.6962386731,0.9006416683,91.07929536,96.81075223,1,1
69,14,10,1,200.0,200.0,10.260956,4.68925123,-0.354649,0.1316880423,-2.767267,1.117948048,-0.47485200000000005,0.088659719,2.884615,0.4897201662,0,-0.1908212741,-0.1908212741,0.22885787100000002,0.2616636052,0.5654214131,0.8546233535,102.10578249999999,107.45812079999999,2,1
70,14,10,1,200.0,8.109119999999999,10.156789999999999,3.177580153,-0.201326,0.1119806943,-2.669628,0.6403728079,0.258081,0.035702572099999996,2.563014,0.45911884280000004,3,0.8621381793999999,0.3102430611,0.192644272,0.2820458228,0.7740442770999999,0.9825471943,112.6786676,123.1074733,3,1
71,14,10,1,200.0,200.0,9.711758,8.318728996,3.870861,1.575167466,-2.384814,0.6969435451,-2.104978,0.7584801011,-1.157332,0.2457224838,0,-0.38914935829999997,-0.38914935829999997,0.2560757684,0.2940911093,0.4587874417,0.5975533383,100.2083162,114.40598829999999,4,1
72,16,9,2,8.227326,200.0,10.199611,9.895665176,0.44627799999999995,0.1319217073,-0.828074,0.4166396341,-0.511575,0.1653371659,-0.5060439999999999,0.102362039,2,0.15761510550000002,0.026120630099999997,0.2109519721,0.2646438928,0.354653854,0.4714824216,98.02809477,126.7253472,1,2
73,16,9,2,200.0,200.0,10.91543,1.611409317,-0.358871,0.10272621929999999,-3.2224369999999998,0.4897315343,-0.443849,0.0376167848,3.38354,0.2408300738,2,0.20046899420000003,0.044071222,0.18265669,0.237453293,0.4370925219,0.9224295151,84.30850929,105.3794265,2,2
74,16,8,2,200.0,15.768710999999998,10.046768,2.182134381,-0.113006,0.057324929299999994,-2.6219040000000002,0.6803464754,-0.277049,0.0331962698,2.118162,0.35244150960000004,0,0.0050789686,0.0050789686,0.2002438227,0.2736660355,0.3178828761,0.4672198857,77.94181644,110.6280074,3,2
75,16,9,2,200.0,200.0,9.641772999999999,7.370389506,2.2582259999999996,1.081932805,-1.6894209999999998,0.5733373077,1.5364719999999998,0.4709821731,-1.255966,0.35814102560000005,1,-0.008526521899999999,-0.0322076939,0.1276882753,0.1420896526,0.1257970571,0.1403649243,82.69644073,100.4404615,4,2
76,17,6,1,9.471924000000001,200.0,10.175919,9.769443165,0.609408,0.207152105,-0.368061,0.127750605,0.453454,0.130681565,0.218919,0.082073735,0,-0.0346812091,-0.0346812091,0.218659987,0.2591422583,0.3758453676,0.5435901715,90.05073053,98.12910059999999,1,3
77,17,6,1,200.0,36.917975,10.396075,4.45142735,-0.363077,0.114597255,-2.895059,1.084061731,0.47086000000000006,0.0819326705,2.697083,0.4664508424,3,0.18689915780000002,0.0410333892,0.12287174320000001,0.1726075114,0.2844740239,0.41524123890000003,78.5455815,92.98302471,2,3
78,17,5,2,200.0,8.835558,9.899873,1.742638449,1.095636,0.1943524403,-3.1847209999999997,0.7015140545,-0.938599,0.096861566,3.2370349999999997,0.3561855304,2,0.3969823336,0.22738375600000002,0.22075980350000002,0.2828915335,0.3254789465,0.5153398384000001,93.53715932,123.44211570000002,3,3
79,17,6,1,200.0,200.0,9.675837,7.532049216,2.233358,1.0969626129999999,-1.6504459999999999,0.5329337836,-1.642134,0.48038281969999996,-2.0083729999999997,0.40314265899999996,1,-0.0471776546,-0.08513319150000001,0.2175032939,0.2529513087,0.3838299312,0.5936900626,81.84107215,121.5721483,4,3
80,20,7,1,5.823997,200.0,10.297112,9.963991833,0.582549,0.16060577339999998,-0.585382,0.4313982562,0.343177,0.0832182266,0.17874400000000001,0.0144681429,0,-0.0123379878,-0.0123379878,0.1747482654,0.2079172131,0.8104722320000001,0.8462107168999999,97.42111171,116.09526729999999,1,2
81,20,5,2,200.0,200.0,10.334168,4.6275526,-0.32976500000000003,0.1277525194,-2.941973,1.09478117,0.250936,0.036693391,1.057503,0.1886935075,2,0.2860301496,-0.0398211931,0.1616865977,0.20073365140000002,0.8036797206999999,0.8503841828,116.58173500000001,138.7200112,2,2
82,20,7,5,200.0,19.72674,9.741162,2.4409573630000003,-0.153098,0.0534264303,-2.679263,0.8001317595999999,-0.111846,0.013911476,1.162716,0.15165447599999998,1,0.49777251780000004,0.2042789421,0.10724037939999999,0.18725679899999997,0.8974586484,0.9485177212,99.65618607,121.2354121,3,2
83,20,5,5,200.0,200.0,9.762553,8.7404373,3.8241650000000003,1.667769772,-2.15255,0.5670415095,-0.81271,0.30292873,-0.48845,0.0968000532,1,0.1484887856,-0.022834909900000002,0.21786760219999998,0.24250895329999997,0.7939791421,0.8543288991,114.7227317,123.26413229999999,4,2
84,19,9,1,7.6457809999999995,200.0,10.20357,9.741149562,0.541851,0.1830273781,-0.38408600000000004,0.1598127861,-0.357962,0.1328035522,0.250908,0.08736110949999999,0,-0.064847301,-0.064847301,0.2345798034,0.28216709289999997,0.7618043848999999,0.8301585579,85.84612566,89.01827209999999,1,0
85,19,7,2,200.0,38.058309,9.905085,4.552802471000001,-0.336574,0.1251245643,-2.802118,1.063130447,0.549058,0.09560601460000001,2.733862,0.47753152340000005,1,0.021037226699999998,-0.0420025028,0.2002047524,0.24918165280000001,0.6956880622,0.7520988886,66.75691547,80.33877499,2,0
86,19,7,1,200.0,15.721564,9.583561999999999,1.8616017459999998,0.8472290000000001,0.16906739,-2.968645,0.7658290317,0.9582200000000001,0.0898607551,-3.264208,0.36948985939999995,1,0.0710457784,-0.0344894524,0.2130682086,0.2823521164,0.6938521857,0.8022585936,85.20890725,111.0549068,3,0
87,19,7,1,200.0,200.0,9.849867,9.031657965,3.819443,1.717771386,-1.4773690000000002,0.4292419764,-2.1678919999999997,0.7519761023999999,-0.9052950000000001,0.21221935039999998,1,0.0295273244,0.0585897746,0.2880381098,0.3068895365,0.5917277786999999,0.6659671314,98.16424093,184.3377226,4,0
88,29,10,1,6.324052544,200.0,10.293078,9.989270252999999,0.57749,0.1674903267,-0.596371,0.43461308909999996,-0.652833,0.20338034649999998,-0.293588,0.0379039554,0,-0.002278566,-0.002278566,,,0.5777853344,0.7439807661,110.9198737,129.06987949999998,1,2
89,29,5,1,200.0,200.0,10.422129,4.58541908,-0.37152199999999996,0.14324072699999998,-2.9670490000000003,1.104187297,-0.48273599999999994,0.0930285786,2.6391970000000002,0.48258625520000004,0,0.0007311468,0.0007311468,,,0.3311552131,0.6775616597,85.47457829999999,99.46403104,2,2
90,29,2,8,200.0,9.361265,9.747850999999999,2.054436683,-0.220594,0.12426623640000001,-2.495128,0.5884563192,0.224458,0.0317771778,2.875219,0.4184452465,0,-0.0010626814,-0.0010626814,,,0.5669590036,0.8423546047,85.5739267,132.37308629999998,3,2
91,29,10,1,200.0,200.0,9.754766,8.548459532999999,3.812361,1.584124019,-2.747796,0.6538416443999999,2.17055,0.7599237778,-1.816872,0.2868825148,0,-0.0010138126,-0.0010138126,,,0.15043817539999998,0.18664212379999998,164.1031225,194.8067795,4,2
92,9,6,2,6.5248870000000005,200.0,10.145660000000001,9.761673092,0.594143,0.1488166908,-0.9273100000000001,0.4923170821,0.325348,0.0752602174,-0.38397800000000004,0.037222000000000005,1,0.1770293784,-0.0023925867999999998,0.274163914,0.294451112,0.7804987564,0.8179982015,111.83616029999999,119.59585659999999,1,2
93,9,5,2,200.0,200.0,10.405253,4.465048578999999,-0.35545,0.1153975014,-3.088795,1.0832915220000001,-0.200571,0.0337824179,1.147729,0.19234219600000002,0,-0.0691963629,-0.0691963629,0.24810838850000003,0.2883099998,0.7484794077,0.8121110007,135.992296,156.0560965,2,2
94,9,4,4,200.0,13.740013000000001,10.541116,2.225964565,-0.164508,0.0760298643,3.327489,0.8299158775,-0.075503,0.0125898796,0.9570489999999999,0.1557646805,1,0.1232495475,0.0559307844,0.2198506756,0.2772503081,0.8130288599,0.9225059804000001,80.02341916,119.47439820000001,3,2
95,9,6,2,200.0,200.0,9.71752,3.958882307,2.287445,0.6256313103,-2.005004,0.5921213014,0.616743,0.10787982089999999,0.5851810000000001,0.10025711699999999,0,0.030363621,0.030363621,0.1679113639,0.25913898960000004,0.7706854493,0.9687103417,119.6433498,135.6324204,4,2
96,24,10,1,7.135057000000001,200.0,10.210317,9.677199901,0.568217,0.182773396,-0.396642,0.16867861879999999,0.393938,0.12776786140000002,0.304908,0.08633061880000001,0,0.0271426435,0.0271426435,,,0.2529654148,0.2809049561,106.53969599999999,110.19602330000001,1,3
97,24,5,2,200.0,29.624478999999997,10.387580999999999,2.58780284,-0.371093,0.111830913,-2.8917599999999997,0.6654459967,-0.509654,0.054314319400000005,2.955874,0.2756466304,2,0.1473585699,0.034091912099999996,,,0.009443766,0.0260720985,100.87454240000001,126.36907020000001,2,3
98,24,3,3,200.0,16.716160000000002,9.158775,1.996384155,0.666076,0.2007082609,-3.009718,0.8393249251,-0.696766,0.0907077826,3.155026,0.4160900072,1,0.21189691489999998,0.1236342809,,,0.0056789948,0.014036638,86.7615936,124.8798639,3,3
99,24,7,1,200.0,200.0,9.600956,7.433983412000001,2.251171,1.092558429,-1.5986049999999998,0.5327258896,1.5383129999999998,0.47648236039999997,-1.428423,0.3546583961,0,-0.0488444635,-0.0488444635,,,-5.32e-07,2.41e-08,84.25806478,90.34554457,4,3
100,27,9,1,10.771613,200.0,10.150530999999999,9.678105975,0.581229,0.189335703,-0.40142100000000003,0.1539841832,0.163107,0.0521059257,0.09666,0.0347936238,0,0.0099781217,0.0099781217,0.3053517651,0.3269730964,0.5944597786,0.6478024666,165.1567104,177.4067551,1,0
101,27,6,3,200.0,31.839392,10.326322,4.186815923999999,-0.448363,0.1335870946,-3.766354,1.020871749,0.19291,0.0341475027,1.345875,0.2264628162,0,-0.0450008603,-0.0450008603,0.2951266725,0.3373262776,0.6797110098,0.7479458725,144.9591072,165.7381216,2,0
102,27,6,3,200.0,9.022704,9.930224,1.9300393009999999,1.023467,0.20661689719999998,-3.9741699999999995,0.8540321355,-0.354709,0.044283743,1.485645,0.19648214949999998,1,0.1149608857,0.0395052376,0.2690504629,0.3160522918,0.7227342978,0.8642532002,142.88581499999998,166.5499944,3,0
103,27,7,4,200.0,200.0,9.796118,8.967282173,3.7494410000000005,1.709968318,-1.7730150000000002,0.4604090314,-0.874991,0.2988190588,-0.418354,0.091411651,1,0.0649115554,0.0250742027,0.2780661413,0.3087773582,0.4386003453,0.5054331385999999,116.9580075,144.91300859999998,4,0
104,24,10,1,8.95941,200.0,10.293031,9.990265431000001,0.59944,0.1625692228,-0.5847180000000001,0.4383672079,0.9288290000000001,0.220648505,0.455715,0.04314026730000001,0,-0.1153837901,-0.1153837901,,,0.4525541584,0.6678829385,101.249214,106.1851758,1,2
105,24,7,1,200.0,200.0,10.337585,1.7517330819999999,-0.375981,0.10575649210000002,-3.26234,0.49519459520000003,0.501019,0.0396333231,3.352357,0.20300347510000002,1,0.0160630672,0.0201044486,,,0.2092990546,0.5514385216,105.9228333,149.7185608,2,2
106,24,3,2,200.0,20.951528,9.286475999999999,2.398652296,-0.171922,0.056213950199999994,-2.306147,0.8090290284,0.279731,0.0342693886,2.627135,0.37359955450000004,1,0.2414839771,0.0475691604,,,0.0771270409,0.1645459998,99.66569186,116.64531969999999,3,2
107,24,3,2,200.0,200.0,9.775595,8.918233554,3.777733,1.696081531,-2.170909,0.49303782560000003,2.106116,0.7363281356999999,-1.540367,0.2542687674,0,-0.0113883701,-0.0113883701,,,7.159999999999998e-172,1.8699999999999995e-169,98.91599166,114.3593593,4,2
108,11,10,2,9.046503999999999,200.0,10.164636,9.644415138,0.559587,0.18564511820000001,-0.381888,0.182164468,-0.153245,0.0477293547,0.10738699999999998,0.0335315714,0,0.1702507379,0.1702507379,0.2985300552,0.3237565723,0.6943232051999999,0.7941384397,105.7010563,117.2678603,1,0
109,11,9,2,200.0,37.3251,10.963994,2.858238524,-0.449772,0.12625711720000002,-3.4065190000000003,0.7615060476000001,0.299483,0.0312862179,1.4346729999999999,0.1790608425,2,0.6057398139,0.027478386,0.2636031614,0.3040432277,0.6098238992,0.8162054795,111.3414602,135.883158,2,0
110,11,9,2,200.0,14.018726000000001,10.234658,1.6804183419999998,0.9897030000000001,0.1909875854,-2.999305,0.7302314532999999,0.388923,0.0360206057,1.098633,0.1505407033,1,0.6827437634,0.124517056,0.1911144007,0.28562416329999996,0.8177665631000001,0.9465390641,107.4085264,143.017867,3,0
111,11,9,2,200.0,200.0,9.690102,8.966938191,3.854146,1.693287625,-1.827502,0.45244966020000005,-0.8532139999999999,0.3067132305,-0.46366599999999997,0.0872680156,2,0.5364840283,0.1607271019,0.2673299602,0.2976705821,0.6734129992,0.7501565684,107.8791892,131.88424569999998,4,0
112,13,9,1,9.993789,200.0,10.126392999999998,9.775743865,0.521536,0.17609047,-0.370094,0.098932325,-0.18044100000000002,0.047930605,0.096397,0.029455715,1,0.0603605567,0.0827314819,0.1854193334,0.22925486920000002,0.8564007584000001,0.9180919446,107.60923659999999,172.3947158,1,0
113,13,9,1,200.0,33.898104,10.25915,4.522776382,-0.331449,0.1212487114,-2.749737,1.0741251459999999,-0.185397,0.035396139900000005,1.161299,0.1823384402,2,0.3629737622,0.0661373854,0.24822272550000002,0.2808755052,0.7057293362,0.8076122144,108.1708652,131.0153274,2,0
114,13,7,2,200.0,9.067161,9.937904,1.844139942,1.139649,0.1818505189,-3.8671089999999997,0.7541492584,-0.429598,0.0407465167,1.5506209999999998,0.17133623829999997,1,0.4020397101,0.0340053772,0.20570706800000002,0.26053036949999997,0.814343477,0.9446024129,119.3893235,153.2153525,3,0
115,13,9,2,200.0,200.0,9.934938,9.157076877,3.9229410000000002,1.737031171,-1.5688010000000001,0.4092739643,-0.8723879999999999,0.3142904524,-0.48397700000000005,0.0847540159,2,0.42843895020000006,0.2165405232,0.16430508970000002,0.2276132961,0.821274762,0.8824588411,137.0847672,145.1152343,4,0
116,16,9,2,7.794005,200.0,10.150182000000001,9.726803463,0.579824,0.20530575620000002,-0.36883499999999997,0.1320560299,-0.39228,0.1242994876,0.30997800000000003,0.0827562587,0,-0.1228667516,-0.1228667516,0.1547239487,0.20602973170000002,0.23466416399999998,0.3248488292,85.99090009,93.25609622,1,3
117,16,9,2,200.0,33.017021,10.396168,4.641676021,-0.385337,0.12291578210000001,-2.819566,1.1277816090000001,0.46953100000000003,0.0847773194,2.921836,0.4648898985,1,0.20418248420000001,0.080667698,0.1850599852,0.2179686497,0.3008018975,0.3990294582,104.47843590000001,121.4146709,2,3
118,16,7,3,200.0,10.471852,9.791379,1.552127036,1.097485,0.1926171566,-3.7240029999999997,0.7771343792000001,-0.891914,0.0992776604,-2.677611,0.4060535755,3,0.24227647649999998,0.0669680096,0.207010081,0.2739817526,0.34045417270000006,0.47923846299999995,100.9853605,109.99293700000001,3,3
119,16,9,2,200.0,200.0,9.675715,5.322426753999999,2.292896,0.8515194627,-2.012439,0.7637474229000001,1.584234,0.37390031090000003,1.928637,0.35017238310000004,2,-0.0071046425,-0.0821650164,0.1771769114,0.1877858489,0.2061976573,0.2305977796,90.43944712,113.21799879999999,4,3
120,22,9,3,7.144627000000001,200.0,10.221765,9.707478682,0.529626,0.188664005,-0.411634,0.1602818408,-0.134779,0.0449839851,0.111463,0.0384473632,1,0.1611679361,0.0678472065,0.2100458323,0.2609648892,0.764621592,0.7961163654000001,160.449532,187.0310461,1,0
121,22,6,4,200.0,200.0,11.114841,2.055935892,-0.41486899999999993,0.1127153519,3.315082,0.6031499339,0.218995,0.021102297599999997,-1.321188,0.132307287,2,0.04996205980000001,-0.0199516596,0.21545350079999998,0.2823817254,0.6251190582,0.779916168,118.1346104,168.7308753,2,0
122,22,5,7,200.0,15.863625,10.940118,1.837079004,0.9624229999999999,0.21504356670000002,-3.1115630000000003,0.9512633111,0.409696,0.0439963689,-1.3570440000000001,0.20622482890000002,2,0.1621046007,0.02480897,0.2120498017,0.2592742621,0.5651242611,0.7118979228,139.9445009,163.00818180000002,3,0
123,22,8,4,200.0,200.0,9.718996,8.27885028,3.8203449999999997,1.5714055130000002,-2.579452,0.7302359391,-0.936406,0.269866828,-0.746368,0.1027665735,1,0.0657556053,0.0549071581,0.17545856129999998,0.22230008850000002,0.5025196544,0.6456787696999999,158.11753180000002,172.5763269,4,0
124,15,5,6,9.786986,200.0,10.143473,9.60279752,0.5829310000000001,0.18343598530000002,-0.39701,0.16610743630000002,0.403109,0.1438148824,0.295336,0.0859159706,0,-0.5299232781000001,-0.5299232781000001,0.2331205507,0.25442431600000004,0.6285444922,0.7099967491,132.3140104,168.4749581,1,0
125,15,3,6,200.0,37.93908,10.294580999999999,4.589221365,-0.370706,0.1281255757,-2.764381,1.107302558,-0.5061680000000001,0.09675104150000001,2.895579,0.4748249318,1,1.6880103830000002,0.9176775886,0.20893859120000002,0.2540038979,0.2848113224,0.4531888438,118.3638243,134.724287,2,0
126,15,10,1,200.0,19.020809,9.697586,1.931790649,0.630231,0.1598838744,-3.0138119999999997,0.8848242581,-0.832248,0.1273327884,-3.587163,0.45707737439999996,0,0.41185822200000005,0.41185822200000005,0.2513018984,0.2879702114,0.42889529670000004,0.5454180914,123.8100527,151.27734840000002,3,0
127,15,9,1,200.0,200.0,9.62965,8.747210548,3.924636,1.668611456,-2.81928,0.5758637681000001,-2.231186,0.7723302662,-1.639375,0.2780319772,0,-0.4724690622,-0.4724690622,0.25681946440000003,0.2832081186,0.33400359879999997,0.41717377990000004,130.5659817,148.2101805,4,0
128,12,9,1,10.685578999999999,200.0,10.107873,9.735917,0.575026,0.20184417,-0.372608,0.112511895,0.458373,0.128803985,0.227226,0.076091115,0,0.0432541113,0.0432541113,0.2027814859,0.2444206054,0.7331320376,0.8221375588,100.3019638,121.2971442,1,3
129,12,8,2,200.0,34.753137,10.957139,3.747930937,-0.40269699999999997,0.1216341873,3.174427,1.009316655,-0.509432,0.0803737397,-3.376491,0.5979260195,3,1.0759704959999998,0.0885787158,0.2249851165,0.2583971042,0.6530658042,0.8064225593000001,120.0839995,137.598397,2,3
130,12,7,2,200.0,14.092126,9.92018,2.039237168,0.629955,0.1514123942,-2.502961,0.8949679465000001,0.80689,0.1150425523,-2.783678,0.3450726934,3,1.946170374,0.9926817484,0.24692715839999999,0.2759670817,0.6577938361,0.8068722394,103.135761,113.3659871,3,3
131,12,8,1,200.0,200.0,9.685728,8.355377156,3.846517,1.589151826,-2.1712860000000003,0.6865003188,-2.179643,0.7107357754000001,-1.0453350000000001,0.2243984529,2,-0.0129025878,-0.3678996432,0.2271226961,0.25078936739999996,0.6632993626,0.7479498175,81.24539847,83.66633608,4,3
132,10,8,2,7.677124000000001,200.0,10.235033999999999,9.894051448999999,0.573028,0.1536537951,-0.68705,0.4440596439,0.30054200000000003,0.0819884488,0.291738,0.022839082900000002,0,0.0519813955,0.0519813955,0.2353334109,0.2622007748,0.3319698703,0.3910240185,85.44250232,98.08206784,1,2
133,10,7,3,200.0,200.0,10.202812,4.571819263,-0.362325,0.1166206716,-3.0140569999999998,1.098112346,0.199219,0.0347579882,1.15668,0.20127908579999998,2,0.4293230611,-0.0281436514,0.1663167128,0.2512433948,0.2063535314,0.3328246221,92.04460372,103.2227916,2,2
134,10,7,3,200.0,12.803352,9.904478999999998,2.450743652,-0.11723399999999999,0.0322806667,-2.8506869999999997,0.8537370531,0.124323,0.0128863696,1.241161,0.1476221932,1,0.3829669143,0.1220784505,0.2261026615,0.24561482690000003,0.29524753859999997,0.3647118504,85.81481162,91.70578391,3,2
135,10,8,1,200.0,200.0,9.720228,9.03593537,3.873571,1.712611748,-1.773624,0.43325636219999997,-0.863859,0.2958997913,-0.428604,0.0824652087,0,-0.0956956482,-0.0956956482,0.1639942413,0.2491590497,0.2337498903,0.45567278850000004,118.4183841,129.224188,4,2
136,9,5,3,8.983433999999999,200.0,10.103242999999999,9.728508582,0.5680850000000001,0.19019588059999998,-0.36795,0.114740204,-0.157866,0.052634069699999994,0.085204,0.0311362687,1,0.057038113700000004,-0.004300789,0.27947553059999997,0.2997144034,0.6018256735,0.6797779745999999,125.85972,143.4037376,1,3
137,9,5,3,200.0,18.193803,10.237307000000001,4.5867450860000005,-0.381859,0.1317992094,-3.0340599999999998,1.078431838,0.22874699999999998,0.0404009794,1.354906,0.2262132566,2,0.5497550989,0.2451863864,0.2781363632,0.30950923059999996,0.5552930711,0.623794646,123.61937160000001,192.46877949999998,2,3
138,9,3,5,200.0,1.25429,10.615337,2.075440977,0.841735,0.20883593920000001,-3.763156,1.035857615,0.374797,0.0498301367,-1.7245529999999998,0.2595944228,1,0.2230805573,0.1417414773,0.2878591161,0.3124859925,0.4680427943,0.5976488724,143.5097426,165.53858300000002,3,3
139,9,5,3,200.0,200.0,9.742652,9.099229615,3.9277919999999997,1.736922881,-1.28449,0.40237402380000004,-0.847974,0.3113593016,-0.302596,0.0662338095,1,0.0498782437,-0.223244214,0.2567201217,0.2835605201,0.5088067089,0.7512504837999999,143.4054655,147.9607696,4,3
140,14,10,1,9.131939,200.0,10.198642,9.760525635,0.588992,0.19231401,-0.373332,0.13812562,-0.401988,0.125576945,0.26697,0.082074855,0,-0.119564825,-0.119564825,0.22811828120000002,0.2630510117,0.43024490530000004,0.5715440729,105.2321003,118.8296125,1,0
141,14,10,1,200.0,35.052988,10.398767,4.574786594,-0.331851,0.1250598147,-2.7410200000000002,1.101295665,-0.508173,0.0860994147,2.755991,0.45534089409999995,3,0.2590998994,0.0449540492,0.2374242161,0.2918881685,0.4289912883,0.5936384505,115.86874009999998,124.56214109999999,2,0
142,14,10,1,200.0,0.252114,9.717021,1.551201441,1.072207,0.18857866920000002,-2.865638,0.5986259196,-0.86266,0.08187793269999999,2.685994,0.3294632168,2,0.4982812379,0.1808992778,0.23999391690000002,0.28871086809999996,0.5941695343,0.7516024808,107.17655819999999,119.62519099999999,3,0
143,14,10,1,200.0,200.0,9.679116,7.060704163,2.29205,1.04603338,-1.60378,0.6700508006,1.5803719999999999,0.47949610740000004,-1.3566559999999999,0.2971202147,2,0.0853229136,-0.1328676278,0.2588885096,0.2825884818,0.3480148858,0.3971057845,81.25690691,102.9672835,4,0
144,16,8,2,10.125281,200.0,10.192105999999999,9.753030515,0.568394,0.196283335,-0.378998,0.13874713,0.500901,0.13530831,-0.24196199999999998,0.08449645,0,0.0081979005,0.0081979005,0.1413559162,0.2502389139,0.17666436719999998,0.3570920477,111.0487712,125.8079909,1,0
145,16,8,2,200.0,35.052119,10.323445,4.593450401,-0.34358,0.11539438869999999,-3.004555,1.113028869,0.608282,0.0937323442,2.8234060000000003,0.5107300297,1,0.0371679153,-0.0626205755,0.20245062390000002,0.24405917530000001,0.35662328479999994,0.45735072340000005,90.20998899,108.9098528,2,0
146,16,8,2,200.0,16.023208,9.698389,2.016071234,0.870107,0.1973295328,-3.003607,0.8291984112,0.90435,0.1014339513,2.946554,0.4092803163,1,0.0431706358,-0.027253505499999997,0.20024992960000002,0.2589422315,0.3094289754,0.4558585525,92.30759379,116.3413644,3,0
147,16,8,2,200.0,200.0,9.733986999999999,9.041878229,3.90095,1.727904423,-1.7123389999999998,0.43650222920000004,-2.1400759999999996,0.7704833162000001,-1.047868,0.2070564466,1,0.026731709500000003,0.011141917099999999,0.1661201184,0.2148181761,0.1946810577,0.3530006565,104.98587320000001,114.28346200000001,4,0
148,17,6,5,10.247728,200.0,10.159773,9.651332453,0.611034,0.20185155670000002,-0.37383,0.1649278424,-0.44880600000000004,0.1372058374,0.217709,0.0846050345,0,0.059917035800000004,0.059917035800000004,0.26371332010000004,0.2918878863,0.5274642705,0.6478612243,90.75168244,101.1186035,1,0
149,17,6,4,200.0,200.0,10.324494999999999,4.628131209,-0.374721,0.1284637522,-2.814625,1.116983131,0.5274989999999999,0.0992812687,2.886931,0.4907678269,1,0.0076691387,-0.1650982784,0.2785036571,0.3161505554,0.5600757942,0.7481220293,105.4367731,190.79905290000002,2,0
150,17,5,3,200.0,9.866019,10.031462,1.6802718509999999,1.083401,0.2028538747,-3.7352800000000004,0.8097214948999999,0.809859,0.10046076570000001,3.021719,0.42934097579999997,2,0.3724002246,0.1971036271,0.23243564649999998,0.3127170743,0.7806901451,0.8783548742,85.46268395,192.6322022,3,0
151,17,8,2,200.0,200.0,9.821895,9.091171552999999,3.874158,1.722708941,-1.536564,0.40496831619999996,-2.136625,0.7643299328000001,-0.9738479999999999,0.20384990120000002,0,-0.09159872039999999,-0.09159872039999999,0.29338404879999996,0.3074466221,0.49909917740000004,0.6006543128,84.72841907,95.77644052,4,0
152,11,9,3,9.416518,200.0,10.156323,9.74329507,0.555686,0.205659592,-0.381865,0.1313421095,-0.14110699999999998,0.0488711592,0.09812699999999999,0.0327421542,0,-0.0644530333,-0.0644530333,,,0.9316036844,1.002611962,96.13724856,104.42527690000001,1,3
153,11,10,2,200.0,30.358266999999998,10.387329,4.46594322,-0.36872,0.11841911849999999,-3.1093439999999997,1.08649391,-0.214719,0.035711713900000004,1.1901549999999999,0.19874847399999998,1,0.6454736474,0.2892650116,,,0.7827954889000001,0.9223996068000001,90.79172120000001,120.3681429,2,3
154,11,10,2,200.0,6.950419,9.611664,2.055282845,0.8760129999999999,0.1973349227,-3.02733,0.8883678803,0.42131499999999994,0.0410826683,-1.070354,0.18446130670000002,2,1.77389061,0.409758151,,,0.8586685381,0.9381580329000001,108.5530879,132.3341351,3,3
155,11,10,2,200.0,200.0,9.351052000000001,7.446802185,2.2496959999999997,1.08344038,-1.5056969999999998,0.5152745487,0.6227729999999999,0.19359702920000002,-0.6185970000000001,0.1401706364,1,2.207569441,0.6361348079,,,0.8020461024,0.8863069259,101.0994237,114.57429209999998,4,3
156,11,10,1,7.540984,200.0,10.280649,9.954122802999999,0.571913,0.152977936,-0.554144,0.4430166355,-0.39632,0.0726302857,0.202672,0.0144025271,1,-0.300135147,-0.3059937371,,,0.7762566954000001,0.918788851,96.73363854,108.0195817,1,2
157,11,10,1,200.0,200.0,10.326495,4.673614429,-0.38764499999999996,0.1276811994,-2.9677279999999997,1.134282124,0.227223,0.038024888199999995,1.183777,0.20037783690000002,1,0.11090107460000001,0.1453248366,,,0.8436951919,0.9810507293,100.4858473,122.1791328,2,2
158,11,10,1,200.0,19.890268,9.625588,2.529936088,-0.129563,0.028299651600000003,-3.051975,0.9180412682,0.097353,0.011203691699999999,1.356708,0.15714278199999998,3,0.302755135,0.07228790480000001,,,0.8780693498000001,0.9665169468000001,116.7840395,137.796555,3,2
159,11,8,3,200.0,200.0,9.722541,7.445395625,3.097448,1.319997908,-1.45754,0.6926539079,-0.856766,0.2761829048,-0.705228,0.0879825016,1,0.7615378593000001,0.3024382185,,,0.7831815619,0.8595615501999999,130.47890159999997,189.2367264,4,2
160,28,6,6,3.904657,200.0,10.215516000000001,9.683340199,0.45981700000000003,0.1655080746,-0.36787800000000004,0.1546465423,-0.189202,0.0429112886,0.129098,0.0376323383,1,-0.098587001,-0.1434107633,0.2582849645,0.27605615079999996,0.6521422217,0.7360772809,98.10961348,114.1496135,1,0
161,28,5,7,200.0,40.052035,10.41412,4.441589277,-0.398694,0.1417134257,-2.7509490000000003,1.051064763,-0.194724,0.036560111400000005,1.0416459999999998,0.1767575857,0,0.0747471313,0.0747471313,0.176336336,0.2441760289,0.3424854017,0.5294094592,104.5300622,115.83093559999999,2,0
162,28,5,5,200.0,13.887915,9.58862,1.680773316,0.891021,0.1634200916,-2.791408,0.7375658493,-0.44404099999999996,0.033661499,1.13055,0.1400059104,3,0.5795825757999999,-0.0018480206,0.2053745032,0.2511733895,0.48835378490000003,0.7521171161,89.58913267,97.43869000000001,3,0
163,28,8,2,200.0,200.0,9.752949000000001,6.904364507,2.3184299999999998,1.1048306270000001,-2.249702,0.8090352304999999,-0.694457,0.20342019809999998,-0.46593199999999996,0.14492038640000002,1,0.20523519710000002,0.023903536,0.0627509339,0.0663701583,0.0669327763,0.0783622918,99.16428374,109.38264960000001,4,0
164,29,9,1,4.207708,200.0,10.120396000000001,9.74604916,0.532007,0.186669475,-0.371325,0.11368713,-0.45470299999999997,0.127529145,0.238355,0.073094455,0,0.0002449126,0.0002449126,,,0.960106662,1.002779949,109.5117851,116.5191192,1,0
165,29,6,7,200.0,35.799205,10.406481,2.747683358,-0.40531,0.1234946472,-2.81074,0.6994203848,-0.512793,0.0629828546,2.900713,0.2875942163,0,-0.00041662569999999997,-0.00041662569999999997,,,0.6619719948,0.7922234026,77.06507857,126.9997452,2,0
166,29,5,8,200.0,14.741534,9.280809,1.740094627,0.705753,0.18534399149999997,-2.983476,0.7317814873,0.753753,0.07905911019999999,3.0094790000000002,0.35619894490000004,0,0.0001365857,0.0001365857,,,0.5993482383,0.7339926931999999,86.69793333,122.32569509999999,3,0
167,29,10,2,200.0,200.0,9.69064,6.2764389089999995,2.284748,0.9683132229000001,-1.985197,0.8138359143,1.6627450000000001,0.45203468,1.7968810000000002,0.3671431743,0,0.0002557482,0.0002557482,,,0.5029835181,0.7500760853,73.07503389,93.29716856,4,0
168,28,7,3,4.236432,200.0,10.028780000000001,9.509784142,0.46431999999999995,0.16577682929999998,-0.36836199999999997,0.1480523805,-0.139229,0.0459841659,0.15090599999999998,0.0380115317,1,0.1798082338,0.24487828920000002,0.2728289083,0.2999113739,0.4571617057,0.6108236861,101.87545390000001,112.48649579999999,1,3
169,28,8,2,200.0,200.0,9.986924,4.5765214180000005,-0.395496,0.1360963798,-2.827729,1.084139683,0.176063,0.0370570623,1.1517620000000002,0.19667391690000002,0,-0.2672107951,-0.2672107951,0.2283281991,0.2493512808,0.302238155,0.35492921299999997,107.1799595,115.98650959999999,2,3
170,28,6,3,200.0,8.668754,9.72754,1.846735854,0.9530350000000001,0.19140108329999997,-3.024102,0.8318044144,0.37388699999999997,0.0414651059,-1.2959889999999998,0.1737257613,3,0.7515122679,0.1251944259,0.2164911922,0.2586781665,0.279122543,0.3870962242,84.00165856,110.6105905,3,3
171,28,8,3,200.0,200.0,9.747964,8.768082663,3.812339,1.6569697280000002,-2.442761,0.5531882604999999,-0.926394,0.3004833985,-0.457025,0.1077843218,0,0.0616713163,0.0616713163,0.18593918559999997,0.2085372375,0.2088639538,0.2592902671,112.98506119999999,173.687001,4,3
172,10,6,5,11.722821000000001,200.0,10.1443,9.71911511,0.613844,0.2118866468,-0.387727,0.1385867562,0.17476,0.054062512400000005,0.119965,0.031840209,0,0.0818562897,0.0818562897,0.2007024002,0.20213104699999998,-0.023332754700000003,-0.0126345469,92.22008814,97.58148298,1,0
173,10,4,6,200.0,25.1748329,11.03256,2.417483833,-0.402893,0.1226673105,-3.223114,0.6801326552,0.256747,0.0240624477,-1.267282,0.1489121997,3,-0.0849928898,-0.2059751934,0.1907257049,0.1912490746,-0.0992976289,-0.0948631907,76.35254438,83.72145102,2,0
174,10,4,7,200.0,5.495294,11.012088,1.454292605,0.8363379999999999,0.1943227504,3.14385,0.7979676088,-0.461996,0.036605146899999996,-1.450652,0.1471176779,4,0.4193098425,0.2209765026,0.1920684288,0.1937855295,-0.090510214,-0.0783832908,81.37839739,112.4008838,3,0
175,10,7,4,200.0,200.0,9.779991,9.026776776,3.833506,1.7056811930000002,-1.546201,0.4021532087,-0.86154,0.2985611575,-0.36042399999999997,0.0751707559,0,-0.1765224427,-0.1765224427,0.20262915480000002,0.2046068691,-0.0146712319,-0.00034315800000000004,83.49036334,85.91275233,4,0
176,19,7,2,6.996136,200.0,10.280137,9.94906698,0.6033390000000001,0.1586939559,-0.5737680000000001,0.4382291961,-0.788912,0.1878483725,-0.301026,0.034705848,0,0.1752315823,0.1752315823,0.19650808309999998,0.2604062181,0.8085022491,0.9124978790999999,92.95771489,95.58018624,1,2
177,19,8,1,200.0,200.0,9.627467999999999,4.517356595,-0.341017,0.1218461924,-2.747189,1.056546385,-0.44386899999999996,0.08794265890000001,2.5588330000000004,0.45808218079999996,1,0.3460727232,-0.011347368200000001,0.1742456958,0.21095068260000002,0.8251559321999999,0.8682609544,106.65650009999999,118.9232237,2,2
178,19,7,2,200.0,12.418572,9.926249,2.427369903,-0.23015700000000003,0.1448028652,-2.728005,0.6950201323999999,0.26513200000000003,0.0323358582,2.9340580000000003,0.3223735768,2,0.8926227183,0.07977209980000001,0.1525260053,0.17927292690000002,0.8316254973999999,0.9063944884999999,105.4661128,121.2685369,3,2
179,19,8,2,200.0,200.0,9.703683,6.57351895,3.8281910000000003,1.1220555209999998,-2.009697,0.7463192317,-2.089341,0.5089076096,1.659837,0.23184179600000002,0,-0.1206547163,-0.1206547163,0.18945474899999998,0.2622805788,0.5931662525,0.6598050689,102.400405,118.6003243,4,2
180,24,9,3,7.909282000000001,200.0,10.123294999999999,9.672340153,0.5597409999999999,0.1799779951,-0.394273,0.1437129754,0.390877,0.1317663399,0.250591,0.083873867,0,0.0340171298,0.0340171298,,,0.1183343765,0.3669344935,83.63946715,93.70503229,1,0
181,24,3,3,200.0,35.718654,10.373287,1.699859965,-0.42974700000000005,0.09845972300000001,-3.5011690000000004,0.4790525747,0.471479,0.0422705147,3.091992,0.22255406649999998,1,0.0654409835,-0.0402123868,,,0.5248132168,0.8623309417,74.79381541,116.3269186,2,0
182,24,7,3,200.0,13.233704999999999,9.115561999999999,1.7580757269999998,0.479692,0.1690192129,-2.331302,0.7481914989,0.570203,0.06534536769999999,-3.3353010000000003,0.3825631462,1,0.0534225044,-0.043372891,,,0.1830935356,0.5371399954,67.12074082,92.94831635,3,0
183,24,3,3,200.0,200.0,9.792366000000001,8.993181337000001,3.8430129999999996,1.702222898,-1.7106009999999998,0.4505814275,-2.2166580000000002,0.7630024941,-1.399169,0.22141430980000001,1,0.0863600125,0.0701949127,,,0.1888087781,0.3114041962,78.03426476,92.01783999,4,0
184,23,10,1,8.792923,200.0,10.13208,9.706187577,0.620659,0.2049129652,-0.404006,0.1282239104,0.434906,0.1273903234,0.24842600000000004,0.0828022587,0,-0.0230517577,-0.0230517577,0.1932774519,0.22587842019999999,0.2504656982,0.2969488213,127.2881624,150.1253153,1,0
185,23,9,2,200.0,31.782008,10.225595,4.44830556,-0.33359,0.11420999999999999,-2.874373,0.93888306,-0.43871800000000005,0.0924746343,2.991041,0.57609564,1,0.17022768230000002,0.021119482599999996,0.0744298841,0.09640994359999999,0.0744587001,0.1042712584,122.46839340000001,137.4438959,2,0
186,23,9,2,200.0,10.189403,8.450445,1.9749107,0.726951,0.1778347842,-2.903439,0.8101516667,0.604622,0.0870801655,3.01607,0.3943930719,2,0.3707295228,0.1839374677,0.0638967971,0.0981050148,0.0695627414,0.1124651309,96.57937585,113.62180740000001,3,0
187,23,8,8,200.0,200.0,9.772702,8.795418435,3.792049,1.6729088630000002,-2.20371,0.5528950382,-2.135098,0.7324963092,-1.329461,0.254132813,0,-0.0666907075,-0.0666907075,0.0732087958,0.12365848269999999,0.053559626,0.09841749710000001,107.0380118,116.34061740000001,4,0
188,19,8,2,10.345527,200.0,10.288518,9.961698089,0.57525,0.1565334703,-0.590443,0.439851995,-0.767674,0.19946836140000002,0.36493400000000004,0.033604197999999995,2,0.09688165929999999,0.0118160007,0.18584960420000002,0.2297192271,0.7727654731,0.8582361714,96.78602299,102.5662485,1,1
189,19,8,1,200.0,200.0,10.273425,4.636193243999999,-0.321108,0.1267921548,-2.91675,1.094838583,-0.5626439999999999,0.0955571815,2.8851150000000003,0.4671278393,1,-0.0895874602,-0.08474268410000001,0.21372763170000003,0.2980159625,0.7837748392,0.8542260722,77.43248524,96.79795442,2,1
190,19,8,1,200.0,11.822673,10.128108000000001,2.7273254000000002,-0.16883800000000002,0.0765675693,-2.971498,0.6708796945000001,-0.23758200000000002,0.030056685,2.942637,0.3566647913,0,0.0177759964,0.0177759964,0.17251263100000003,0.2216569377,0.7492355825,0.8582891543000001,88.82670422,102.8505494,3,1
191,19,7,1,200.0,200.0,9.877221,9.050589236,3.8317730000000005,1.7128042319999999,-1.7397040000000001,0.4225630748,-2.16141,0.7623542323,-1.0313370000000002,0.22428728350000002,1,-0.0041561899,0.008165968000000001,0.21287910989999997,0.24013749410000002,0.6918717292000001,0.7679509676,94.48061565,113.89635030000001,4,1
192,15,9,1,7.536430999999999,200.0,10.16461,9.620135461,0.48333100000000007,0.160571451,-0.393743,0.1993979265,-0.34328400000000003,0.1081155833,0.41020100000000004,0.09356781369999999,0,-0.0705312243,-0.0705312243,0.1650395676,0.20172318879999998,0.23973677059999998,0.28072245,115.64104479999999,124.26870420000002,1,3
193,10,8,4,6.215815,200.0,10.211068,9.898505667,0.571859,0.1554302598,-0.747334,0.46712424020000004,0.452428,0.0825719167,0.215502,0.025497794100000002,0,-0.006356710600000001,-0.006356710600000001,0.2454538989,0.2780119312,0.3028350972,0.3549693851,87.64577908,98.88514365,1,1
194,10,6,5,200.0,200.0,10.052483,4.395913304,-0.346932,0.1087878182,-2.9932380000000003,1.031136099,-0.202571,0.0330759176,1.120945,0.192160054,2,0.2474931457,-0.0408956324,0.083677585,0.1644159118,0.07864153,0.1931841754,79.1229599,86.61406453,2,1
195,10,5,5,200.0,18.298154,10.067215,3.125612611,0.125041,0.0369479783,-3.223055,0.7163103651999999,-0.093943,0.013535291299999998,1.3196780000000001,0.1462472543,2,0.2644142908,0.15310057300000002,0.15011772339999999,0.20964759460000001,0.24499154280000002,0.4191337914,103.1825403,116.1181371,3,1
196,10,8,2,200.0,200.0,9.611892999999998,7.545205809,2.258983,1.10968399,-1.562825,0.5065424013000001,0.627045,0.1906624868,-0.605873,0.1401525757,0,-0.0299608877,-0.0299608877,0.1334049942,0.1932176553,0.1820274732,0.3109396021,85.68513783,90.77822761,4,1
197,28,9,1,4.616382,200.0,10.213696,9.813725898,-0.57708,0.1651872683,-1.03779,0.5075455853999999,-0.437037,0.1044677366,-0.398321,0.042055658499999996,0,-0.1524872136,-0.1524872136,0.2597801791,0.28730317829999996,0.4593356487,0.5454177592,101.55054809999999,107.28108130000001,1,1
198,28,9,2,200.0,200.0,10.422943,4.49404898,-0.384515,0.1406899625,-2.92233,1.076745991,-0.189125,0.0383863689,1.035711,0.18731105480000002,1,0.7313761304,0.1949147401,0.2569235114,0.2891723748,0.5305432115,0.7038299620999999,95.73946437,115.5926735,2,1
199,28,8,2,200.0,10.152928999999999,9.96067,2.97568347,-0.223843,0.0788456046,-2.911266,0.8233288716,-0.0979,0.014662399599999999,0.915542,0.1231471781,3,0.5110726038000001,0.1554537903,0.2239829008,0.27320642559999997,0.5177875953,0.7238873140000001,93.42441225,119.2320892,3,1
200,28,9,1,200.0,200.0,9.716364,6.593264984,2.2871330000000003,1.056011925,-2.19328,0.8540433208,0.678495,0.19520831760000001,0.858296,0.162259761,1,0.3190074144,0.1418589933,0.2346785579,0.2666027929,0.3412250109,0.37903264600000003,83.22937311,143.5243977,4,1
201,12,8,1,5.972961,200.0,10.072921000000001,9.823872605,0.54057,0.1474500927,-0.656112,0.45763518049999996,-0.6097819999999999,0.1806708293,0.668497,0.0517982878,0,0.3683915753,0.3683915753,0.2212893146,0.2482318732,0.7105522168999999,0.8217365186,81.70786108,96.61621214,1,1
202,12,8,1,200.0,200.0,10.452113,4.495396400000001,-0.387964,0.1254406522,-3.191703,1.099900119,0.582232,0.09432466960000001,2.845206,0.5093058812,1,-0.0010228394,0.0696096639,0.20330694289999998,0.2353526202,0.6387765193,0.7620415212999999,94.21578341,114.88823219999999,2,1
203,12,7,2,200.0,18.172132,10.093933,3.057196302,-0.143716,0.0461281404,-3.223017,0.758680334,-0.236981,0.0351565723,3.384091,0.3865627021,2,1.24414884,0.18229511539999999,0.231785837,0.2624356788,0.6532897553,0.7319611652,91.14170490000001,105.75439420000001,3,1
204,12,8,1,200.0,200.0,9.656212,6.930804232000001,2.2639720000000003,1.011364247,-1.650263,0.6896242169,1.584362,0.448851006,-1.457543,0.3117097229,0,-0.3828770268,-0.3828770268,0.2196270627,0.2636778248,0.6380637562,0.7260626417,87.71491979,101.413485,4,1
205,27,10,1,9.524573,200.0,10.23615,9.937800434,0.593413,0.15962,-0.824356,0.4798594778,-0.252033,0.0671371527,0.234019,0.027672965499999997,0,0.0249481807,0.0249481807,0.2647184929,0.3034788916,0.6879062982999999,0.762878715,146.0440409,168.7943512,1,2
206,27,7,1,200.0,200.0,9.993423,4.4613579219999995,-0.366609,0.1179497184,-3.032577,1.0402891029999999,0.190839,0.0321143448,1.119646,0.19680388219999997,2,0.1260421034,0.0537422121,0.2657508302,0.3043014834,0.6796351053,0.765996408,151.76466069999998,180.4201795,2,2
207,27,7,2,200.0,15.029923000000002,10.105242,2.224212831,-0.152719,0.0314788575,-3.058664,0.8211214803,-0.102391,0.014384850900000001,1.310117,0.13756425220000001,1,0.0651182058,0.0140908551,0.263521124,0.3054548648,0.6793351062999999,0.8322828118000001,155.266774,179.8664145,3,2
208,27,7,2,200.0,200.0,9.628878,7.423886167999999,2.240847,1.091713628,-1.6546049999999999,0.5479942362,0.644072,0.1923734725,-0.534963,0.14427184140000002,0,-0.0455284892,-0.0455284892,0.2549150425,0.2919870144,0.5749012617,0.6618652986,168.1269879,188.7514376,4,2
209,23,9,1,7.2659899999999995,200.0,10.177735,9.74400107,0.5688479999999999,0.1917516816,-0.397111,0.13635124380000002,-0.411153,0.1235065323,0.248703,0.0853639005,0,0.0909681113,0.0909681113,,,0.3666083558,0.5514338146,110.26687050000001,130.49878600000002,1,3
210,23,7,3,200.0,27.241876,10.761128,3.140042527,-0.398696,0.1307077769,-3.2477169999999997,0.85290657,0.5230630000000001,0.0723225294,3.3647839999999998,0.4299339432,2,0.0293508029,-0.110036743,,,0.08344597349999999,0.160591263,99.13743648,123.1924989,2,3
211,23,6,6,200.0,9.918733999999999,10.691715,2.0037770669999997,0.9311389999999999,0.1354872138,-3.2855529999999997,0.8972113824,1.2945229999999999,0.1375478266,-2.5911009999999997,0.47713494770000003,3,0.44559951369999995,0.2550251534,,,0.0668891944,0.100260805,79.88594920000001,89.6886807,3,3
212,23,9,1,200.0,200.0,9.692088,7.305794172000001,2.266865,1.085979373,-1.685698,0.612147051,1.6012389999999999,0.4802592293,-1.274342,0.3323579777,1,-0.058240094000000006,-0.031052319,,,0.08320591299999999,0.1203153473,129.5162396,139.4859055,4,3
213,17,4,4,9.226332000000001,200.0,10.296441,9.919370788,0.556305,0.1494331872,-0.550725,0.42441201479999996,0.923056,0.1939758177,-0.31905900000000004,0.0380144581,1,-0.10930357539999999,-0.1113085949,0.2053406038,0.258919536,0.3084092174,0.47909906770000005,93.35064998,113.1207862,1,1
214,17,6,2,200.0,200.0,10.184664999999999,4.614704691,-0.360489,0.11781381310000001,-2.768834,1.094151181,0.48413100000000003,0.08846737980000001,2.784441,0.4871350801,0,-0.2055185078,-0.2055185078,0.2158913044,0.2602595492,0.4163117988,0.6598794186,76.56131127,84.25618137,2,1
215,17,7,2,200.0,16.382479999999997,10.134265,2.9146240530000003,-0.135236,0.0561198828,-3.0872759999999997,0.6493371172,-0.27737,0.0331859838,3.001456,0.3254147253,2,0.2150354957,0.1359722774,0.2804362783,0.3092671051,0.5972165454,0.7628835003,83.28433228,99.27142001,3,1
216,17,3,4,200.0,200.0,9.730557000000001,8.946119767,3.844271,1.673746872,-1.508529,0.4492735837,-2.0694169999999996,0.7447992023000001,-0.711792,0.20313970039999998,0,0.0717007387,0.0717007387,0.2232854269,0.2513537456,0.249817073,0.3209343993,70.38398097,80.82226105,4,1
217,22,8,4,10.199778,200.0,10.19005,9.637991709,0.5512130000000001,0.19962579309999998,-0.41514399999999996,0.1771085764,0.145899,0.051646719199999996,0.109642,0.0382691921,0,0.0659065854,0.0659065854,0.20300367760000002,0.2613036812,0.7447213229,0.8263260641,150.5628012,163.8380149,1,3
218,22,5,6,200.0,33.276261,10.38397,4.486712168,-0.372879,0.11747484679999999,-2.855961,1.084345659,-0.205277,0.0345168642,1.1954280000000002,0.18495193350000003,2,0.4003602783,0.1492228488,0.093477984,0.135361232,0.13416908789999998,0.2323039904,124.4379443,142.5247622,2,3
219,22,6,6,200.0,16.712585999999998,9.315061,2.022682899,0.6989449999999999,0.18850157,-3.0359130000000003,0.8355516143,-0.272512,0.0379780074,1.248217,0.18472933170000003,1,0.1396575151,0.090180959,0.09433978720000001,0.2004769545,0.1323910705,0.24870468899999998,135.8904227,173.1281654,3,3
220,22,8,5,200.0,200.0,9.659213000000001,6.463495267000001,2.233551,0.9969887645000001,-1.8907330000000002,0.7929622615999999,0.636299,0.17739335469999998,0.702525,0.1339011047,3,0.283235905,0.0711543659,0.11350327119999999,0.1278287441,0.1028486175,0.1243284573,116.0462318,129.123026,4,3
221,20,7,3,7.909609,200.0,10.378486,10.09029423,0.589299,0.1644987,-0.614811,0.43665918,-0.263968,0.073437695,0.189123,0.015782735,1,-0.0733482847,-0.2177482764,0.1561169808,0.1877364004,0.8799306176999999,0.942425475,106.64768259999998,115.28110020000001,1,1
222,20,7,2,200.0,200.0,10.399686,4.831805255,-0.339812,0.1335123665,-2.769895,1.178233969,0.236521,0.042088,1.190488,0.20079718940000002,1,0.2720949857,-0.0367845629,0.1895817286,0.245676482,0.8522283001000001,0.9324246140000001,113.01505420000001,130.6355606,2,1
223,20,3,6,200.0,12.172477,10.127562,2.8562601880000003,-0.197213,0.1103070333,-2.5712610000000002,0.5250033941,-0.099913,0.013918966699999999,-1.207871,0.1271105039,4,0.34602845130000004,0.13662035779999998,0.19015096199999998,0.2687611882,0.8316293829000001,0.9464602963,99.94023829999999,133.0117428,3,1
224,20,6,1,200.0,200.0,9.728121,8.354354851,3.7993580000000002,1.5751664419999998,-2.317837,0.6929302898999999,-0.82458,0.2958487681,-0.545438,0.09736935869999999,1,0.29160203100000004,0.10043410130000001,0.2365199525,0.2760950357,0.7167814792,0.7981220238,137.2129607,155.5363639,4,1
225,13,9,1,6.9222,200.0,10.111945,9.732657448,0.566303,0.1860817463,-0.360194,0.1074561542,-0.14766500000000002,0.0487648458,0.083475,0.02806301,2,0.12383875470000001,0.0976698553,,,0.8392068090000001,0.9117491440000001,97.73906153,105.93187920000001,1,3
226,13,8,1,200.0,36.575641999999995,10.053278,4.566259158,-0.31933,0.1267560175,-2.7744150000000003,1.067995936,-0.202017,0.0357615409,0.9621649999999999,0.1802185,2,0.1789499831,0.0531291065,,,0.6969274255,0.7921778426,126.16409650000001,139.9295997,2,3
227,13,8,3,200.0,12.287449,10.082708,1.8992244619999998,1.1233819999999999,0.1870538764,-3.565029,0.7370138993,-0.374125,0.0411818787,1.4387450000000002,0.1692540847,1,0.5005124304999999,0.1926253636,,,0.7660166851000001,0.9043053084999999,149.08999680000002,190.8563715,3,3
228,13,8,2,200.0,200.0,9.770560000000001,9.057436363999999,3.9053940000000003,1.733275277,-1.7879490000000002,0.44280343479999995,-0.879281,0.3095693636,-0.511482,0.08793267589999999,1,-0.0055111103,-0.0762677303,,,0.8030687417,0.9143315322,111.0889534,132.9989209,4,3
229,11,10,2,8.387775,200.0,10.152414,9.871863887,0.5446300000000001,0.1499298676,-0.75936,0.4681675343,-0.333007,0.0763863971,0.19423900000000002,0.0267489559,1,-0.1055773766,-0.1530795913,,,0.9070764098,0.9745337709999999,79.30937064,96.86378545,1,1
230,11,10,2,200.0,200.0,10.378952,4.467407207,-0.39675,0.1266323822,-2.953986,1.083350345,0.210123,0.036463382200000005,1.216015,0.1879053276,2,0.3055705094,0.2499022028,,,0.7805371234,0.8744472888,82.21259383,105.1928575,2,1
231,11,9,2,200.0,18.932976,10.136073,3.2410862999999996,-0.114705,0.0367083557,-3.1150439999999997,0.7206567562,0.0884,0.013495745,1.3422100000000001,0.1458412886,2,0.3953528377,0.0998775866,,,0.8898880081999999,0.9753770246,88.6468212,91.31169531,3,1
232,11,9,2,200.0,200.0,9.685661999999999,4.348707471,2.2465080000000004,0.675253125,-2.1300950000000003,0.6196388827,0.615893,0.11663489619999999,0.786636,0.11011456730000001,2,1.110757894,0.0726273742,,,0.7577866759,0.8542235084,70.78731661,92.90957757,4,1
233,17,6,2,8.999134,200.0,10.350658000000001,10.08924565,0.6289170000000001,0.152789235,-0.720533,0.47278364,0.8046979999999999,0.227049785,0.512087,0.063143875,0,0.0255253529,0.0255253529,0.2126843401,0.2564765841,0.3863682856,0.6439098611999999,111.65777859999999,152.9138418,1,2
234,17,5,2,200.0,200.0,10.576083,4.76980789,-0.350694,0.1282047761,-2.8562279999999998,1.172815331,0.532664,0.09425515640000001,2.9320049999999998,0.4825107209,1,-0.0981281092,-0.1520913934,0.2569564115,0.3240832438,0.4355165078,0.6716800524,77.04820707,82.89714104,2,2
235,17,5,2,200.0,19.48912,9.566071,2.050018652,-0.103898,0.030162436600000002,-2.6903900000000003,0.721559664,0.222203,0.0317719276,2.966342,0.2767412455,2,0.3841805301,0.0892446908,0.2657681035,0.3018024672,0.5726179604,0.7841705,101.77857940000001,187.761169,3,2
236,17,5,3,200.0,200.0,9.729516,7.449465049,2.266107,1.099111036,-1.6289850000000001,0.5419179968,1.6481970000000001,0.4971404903,-1.522327,0.3484886786,0,-0.0158391983,-0.0158391983,0.1828757393,0.2260460685,0.2227675984,0.2989034922,88.16711583,108.16894340000002,4,2
237,28,9,1,7.794772,200.0,10.291491,9.960566079,0.569768,0.1573944532,-0.567295,0.43510457140000003,-0.310721,0.0740292512,-0.120566,0.0135033005,1,-0.0907510654,-0.12380040980000001,0.1761642736,0.21375504,0.2088418893,0.2767507473,67.11523816,88.05877517,1,2
238,28,9,1,200.0,200.0,10.122589999999999,4.6303137539999994,-0.35534899999999997,0.1347841929,-2.972693,1.090252588,-0.19636900000000002,0.037138931800000004,1.206193,0.19113681899999999,2,0.9182608661,0.2587251357,0.2013270902,0.2489508879,0.3898622454,0.51126779,101.6190783,125.54999860000001,2,2
239,28,7,2,200.0,11.590551,10.144289,2.24156046,-0.20683200000000002,0.10565423630000001,-2.8263119999999997,0.6690498293,0.089752,0.010917989099999999,1.272843,0.1285998665,1,0.2710993083,-0.015724060800000002,0.20426911609999998,0.258387854,0.24322950149999997,0.32693472170000004,87.3947434,98.4881842,3,2
240,28,8,2,200.0,200.0,9.70518,8.778372567,3.889703,1.673171353,-2.6317459999999997,0.5687741303,-0.884452,0.30630362839999997,-0.580234,0.10994972410000001,0,0.09609749699999999,0.09609749699999999,0.17362630510000002,0.1882229174,0.2002009686,0.2366617891,77.85170937,106.28138700000001,4,2
241,14,10,1,9.324651,200.0,10.206645,9.843964371,0.557394,0.1699180976,-0.767065,0.4569173268,-0.574743,0.18344970239999997,-0.566442,0.0662062537,1,0.1372752079,0.0825776319,0.2584815171,0.2874151324,0.684870408,0.7701698068,102.78702709999999,112.54612379999999,1,2
242,14,10,2,200.0,200.0,9.57126,3.161984228,-0.211209,0.09969474539999999,2.519773,1.047443982,0.45477399999999996,0.057916702599999995,-2.492241,0.5638686517,2,0.2367489039,0.0442389794,0.25059026019999997,0.2885145791,0.5702793624,0.827444121,93.72590275,117.9417399,2,2
243,14,10,1,200.0,15.980583,10.0529,2.25657402,-0.22410700000000003,0.130992317,-2.571799,0.745948067,-0.23100700000000002,0.0305989554,2.615016,0.3289852165,1,0.14390229300000001,0.020446126499999998,0.23246037519999999,0.2956236543,0.7237004681,0.8361801644,94.42509229999999,112.8075148,3,2
244,14,10,1,200.0,200.0,9.673608,7.26093206,2.264537,1.074289962,-1.631943,0.6253204778,-1.597488,0.4872444272,-1.3561299999999998,0.3415966835,0,-0.0329969396,-0.0329969396,0.2577916042,0.3193330031,0.6160907184000001,0.7499496623,90.11139136,101.6432585,4,2
245,22,7,5,4.006457,200.0,10.249132000000001,9.953798863,0.603119,0.13615214220000002,-0.814133,0.4804399657,-0.205404,0.0680223431,0.301083,0.0284514314,0,-0.0494651398,-0.0494651398,0.18737834890000002,0.2396682832,0.26272286300000003,0.36099804280000003,107.4389571,119.9111889,1,2
246,22,6,6,200.0,200.0,10.389408,4.693590076,-0.39421,0.1184219637,-2.8839599999999996,1.138208082,-0.20727800000000002,0.037495287,1.2136040000000001,0.1898763867,2,0.3200740264,0.10057049539999999,0.08664331019999999,0.1213681543,0.11818748050000001,0.1965156982,101.0223615,131.9020482,2,2
247,22,4,7,200.0,13.741160999999998,8.227035,2.16551694,-0.12254100000000001,0.045707675999999996,-2.513839,0.7506101481,0.07509600000000001,0.0112526845,1.068654,0.1706882275,3,0.4691740285,0.1915819021,0.1791808675,0.2358816308,0.7932565446,0.9505547729,147.21568269999997,173.571189,3,2
248,22,7,6,200.0,200.0,9.669074,7.218636374,2.272846,1.074361211,-2.1442360000000003,0.648246717,0.621754,0.1871328082,-0.559178,0.1566203082,2,0.100063507,-0.0287862374,0.1069694967,0.20728241670000003,0.106939307,0.2343092375,118.2331544,135.0387072,4,2
249,26,4,5,9.858777,200.0,10.208244,9.719195254,0.54803,0.18235374129999998,-0.376709,0.15947843779999998,0.447917,0.1325170398,0.24235,0.0880353831,0,-0.0849395025,-0.0849395025,0.2760738626,0.2925597118,0.5535290442,0.6376775453,140.08110449999998,153.335767,1,0
250,26,4,6,200.0,32.298673,10.169159,2.8651622910000003,-0.491174,0.1365622389,-3.166923,0.7046223148,-0.46109300000000003,0.0621515407,3.2467639999999998,0.35687356670000003,3,0.5861760138000001,0.190214308,0.2095457905,0.2639417295,0.3040685896,0.5414517947999999,108.8281699,129.7694133,2,0
251,26,6,6,200.0,17.958066,8.941514,1.5565012630000001,0.586594,0.1919234631,-2.8882630000000002,0.66228769,0.652539,0.07206623059999999,-3.046459,0.3263457183,1,0.374652603,0.1306930644,0.1863907514,0.2469739082,0.3943180108,0.6977837081,111.8871632,125.04769579999999,3,0
252,26,7,5,200.0,200.0,9.790023,9.010258909,3.7448980000000005,1.684819953,-1.616164,0.4158396457,-2.230425,0.791152815,-1.161302,0.23679687800000002,2,0.25924692899999996,-0.027035679500000003,0.2324305342,0.24693372600000002,0.3361923744,0.38488813590000004,115.57048059999998,123.01880940000001,4,0
253,16,7,3,3.3997949999999997,200.0,10.187846,9.87985152,0.558184,0.1463644755,-0.6222300000000001,0.4451430098,0.761916,0.20991351960000001,0.39707,0.0491246373,0,0.0259034799,0.0259034799,0.23152524489999998,0.2872774866,0.3735164172,0.5196510928,71.69507329,80.40906232,1,1
254,16,9,2,200.0,200.0,10.095758,4.597944268,-0.353695,0.12198523300000001,-2.7247369999999997,1.0822419090000002,-0.49923599999999996,0.09535797050000001,2.740895,0.475987118,1,0.1239475416,-0.027108402099999998,0.2020589041,0.25905131929999997,0.31360244589999997,0.46661102990000003,76.19665476,104.1457082,2,1
255,16,7,4,200.0,10.519703,9.559446000000001,2.5705163680000003,-0.15320999999999999,0.0779887965,-2.901993,0.5668600106,0.33773600000000004,0.0321957717,2.854874,0.3663001292,1,-0.021630482700000002,-0.0063614142,0.1634431297,0.2199049485,0.2283787887,0.3649488715,87.65022648,129.53722720000002,3,1
256,16,9,2,200.0,200.0,9.719872,8.82381465,3.822284,1.6666266730000001,-1.662548,0.5105417385000001,-2.127134,0.7341717385,-0.835707,0.2076755885,0,0.0045394568,0.0045394568,0.1445481343,0.1910544558,0.1370987517,0.20051691170000002,92.54922223,116.0558216,4,1
257,27,9,1,8.370678999999999,200.0,10.175079,9.789512015,0.5993430000000001,0.1928935528,-0.386862,0.119111201,0.16933099999999998,0.050174392000000005,0.098646,0.0314920804,0,-0.0387681247,-0.0387681247,0.2830735614,0.3142452828,0.5853998671,0.6638895967,114.1606683,125.94152849999999,1,3
258,27,6,3,200.0,33.605484000000004,10.394584,4.333603178,-0.37067100000000003,0.11751473539999999,-2.970713,0.9295672813,-0.24925100000000003,0.0343272033,1.168925,0.2166159805,1,0.1884621901,0.09543297529999999,0.2867935398,0.336209331,0.5408039021,0.7120513333,122.17478440000001,152.84302150000002,2,3
259,27,5,4,200.0,10.98922,8.233013,1.617739656,0.660511,0.16954416309999998,-2.950085,0.6777746208,0.239637,0.0285386562,1.18479,0.1336584086,0,0.127045034,0.127045034,0.256763452,0.3069233724,0.7361168848999999,0.8484085012,114.4191256,128.9419949,3,3
260,27,7,2,200.0,200.0,9.589738,5.919826414,2.272868,0.898561686,-1.915627,0.7959647177,0.6317119999999999,0.1590446201,0.727681,0.1441350897,0,-0.092417057,-0.092417057,0.2615761602,0.2814382279,0.3595131442,0.4150696331,118.4595378,192.40513069999997,4,3
261,10,9,2,10.231702,200.0,10.156094,9.684058109,0.6042890000000001,0.2036931089,-0.369217,0.14405974259999998,0.191457,0.0551784604,0.092196,0.0329953317,0,-0.0443069394,-0.0443069394,0.17331246260000002,0.20113292100000002,0.1659807002,0.1946525384,98.94107685,106.62966840000001,1,3
262,10,7,3,200.0,36.620158,10.381072999999999,4.4923581619999995,-0.401586,0.1292062841,-3.0836349999999997,1.073908951,-0.200276,0.036777342000000005,1.3407229999999999,0.211647487,1,0.166716527,0.0888456598,0.0526104501,0.12525054800000002,0.05468579269999999,0.1317315291,113.21334579999998,166.5019693,2,3
263,10,7,3,200.0,13.359791,10.480428999999999,1.636462588,0.918151,0.19674024899999998,3.1307669999999996,0.8203608454000001,-0.31001,0.0376690361,-1.17009,0.1645893072,0,0.0648268628,0.0648268628,0.1932432732,0.268103818,0.2199429088,0.34900239689999996,108.20499029999999,170.3294495,3,3
264,10,9,2,200.0,200.0,9.64752,7.621664552,2.256993,1.12376596,-1.585264,0.481991711,0.622286,0.1961630897,-0.657169,0.13087366779999998,0,-0.0481143148,-0.0481143148,0.1535006934,0.238856818,0.19873045890000002,0.3330091309,99.53979441,113.24078610000001,4,3
265,9,6,3,6.632287,200.0,10.142803,9.80999384,0.58743,0.1441686117,-0.72958,0.47261836409999997,-0.25200100000000003,0.0771435388,0.274557,0.026042781600000002,0,-0.062714566,-0.062714566,0.2356823787,0.26448528530000004,0.4866011876,0.5775061957000001,129.12567990000002,151.5755871,1,1
266,9,6,2,200.0,200.0,10.386992999999999,4.506286335,-0.34203,0.114239211,-2.973385,1.087961306,0.178367,0.0350797254,1.1842190000000001,0.1910610665,2,0.1056950606,-0.0078885409,0.24216579719999998,0.3130313078,0.4367542732,0.519499155,150.47262419999998,189.0540063,2,1
267,9,5,3,200.0,20.920963,10.110507,3.0686580930000003,-0.165442,0.0422237945,-2.429198,0.7344287775,-0.122985,0.0136822267,-1.11163,0.1640371695,0,0.0459558054,0.0459558054,0.2093473264,0.239428893,0.8602426879999999,0.9143822248000001,119.6942646,151.5881421,3,1
268,9,6,3,200.0,200.0,9.628624,7.275519801000001,2.283738,1.082539693,-1.7411290000000001,0.616780057,0.625575,0.1854746139,-0.510491,0.1305178608,2,0.1775171975,0.0618437645,0.2280482882,0.2681612683,0.7002359587,0.8881323918,141.90975480000003,161.1525024,4,1
269,24,10,1,7.004564,200.0,10.253059,9.985771852000001,0.576357,0.163548995,-0.838414,0.48335555939999997,0.7919930000000001,0.1675116188,0.487806,0.0744649307,1,0.1804820391,0.1055706248,0.0962018611,0.12095835640000001,0.1308445485,0.1905946668,91.29357379,95.18724267,1,1
270,24,4,5,200.0,200.0,10.403857,4.053824214,-0.363883,0.1204684089,-2.831645,0.9473437708,-0.457668,0.07952211719999999,2.912334,0.4185712161,2,0.19691433649999998,0.028743512000000002,0.1555878857,0.19567982920000002,0.1915850835,0.3529227131,74.25100238,112.70480549999999,2,1
271,24,5,6,200.0,9.277222,10.13786,2.983603975,-0.192904,0.10541054710000002,-2.974877,0.55987575,0.249171,0.035003207,3.071085,0.3013417111,2,0.1259441717,0.0007048696000000001,0.1482994078,0.21867526629999998,0.1837898375,0.3009460775,114.47439159999999,124.53827439999999,3,1
272,24,7,2,200.0,200.0,9.666817,5.65537738,2.2189810000000003,0.8748629281999999,-1.758023,0.7736571,1.648123,0.3804119179,-1.3773309999999999,0.3252243615,1,0.0273487042,-0.0280461142,0.1424026249,0.25641105989999996,0.1848776467,0.38773852729999997,88.9173872,100.8158782,4,1
273,13,9,1,10.387134,200.0,10.278133,9.929810631,0.5527770000000001,0.1617292118,-0.567946,0.421988532,-0.264617,0.0822750246,0.128807,0.0172119901,0,-0.0790114633,-0.0790114633,0.1310469061,0.1543500253,0.9314644025,0.9564912098999999,137.0507944,149.3749428,1,1
274,13,8,2,200.0,200.0,10.01582,4.690241669,-0.353392,0.13158290960000002,-2.7093279999999997,1.096485524,0.166132,0.0374049608,1.164851,0.19494501809999998,2,0.4222724539,0.11594817539999999,0.1722636627,0.22893263719999998,0.8384874718,0.916907287,130.81082759999998,173.00864030000002,2,1
275,13,8,2,200.0,20.201231,10.079475,2.6957916839999996,-0.151057,0.059749269199999996,-2.237425,0.6233238243,-0.10264200000000001,0.011998243,-0.9790780000000001,0.12965165050000002,1,0.4509135646,0.1697039088,0.08123526190000001,0.14789351480000001,0.9419208662999999,1.000775743,136.91239769999999,162.1841554,3,1
276,13,9,1,200.0,200.0,9.708439,9.003000867,3.8887699999999996,1.70837282,-2.04543,0.45003474509999997,-0.8863120000000001,0.3079103294,-0.462584,0.09423969410000001,0,0.050544093899999996,0.050544093899999996,0.1321799297,0.16953380769999998,0.9358164655,0.9665374245999999,100.5505575,131.13817690000002,4,1
277,25,10,1,8.366385000000001,200.0,10.132447,9.686017289,0.569028,0.19271083579999998,-0.389073,0.13819579099999998,0.405683,0.1338856269,0.243752,0.0849181542,1,0.9382664722,0.6142397575,0.2314704997,0.2733469705,0.4635649063,0.5856892553,72.37830501,85.84497925,1,3
278,25,6,2,200.0,25.861769,11.192618,4.44766935,3.768419,0.3283712312,3.254827,0.5878054115,-2.167023,0.19141465719999998,-3.229509,0.2599631508,18,1.516009274,0.1277059332,0.2552913113,0.33647516270000005,0.4806771857,0.8121159656999999,92.13350632,192.2795359,2,3
279,12,9,1,12.294682,200.0,10.230781,9.916262819,0.444767,0.1448968775,-0.838081,0.43270166179999997,-0.657148,0.1629121912,0.5038130000000001,0.10390929900000001,0,-0.2460357557,-0.2460357557,0.1728621109,0.1988936988,0.6009931392,0.7138560257,94.34798791,97.93710276,1,2
280,12,8,1,200.0,200.0,10.665139,3.9489439410000005,-0.38255100000000003,0.1225329515,-3.272738,1.0410053879999999,-0.685228,0.0867503699,-2.9808380000000003,0.6465396862,0,0.1154677498,0.1154677498,0.2075278971,0.2627994677,0.7119127219,0.8384698772,112.8131429,129.0711758,2,2
281,12,7,1,200.0,12.791357000000001,9.431574000000001,2.219246836,-0.13422699999999999,0.0490957029,2.8628810000000002,0.8059283481,-0.257957,0.0295902395,2.887377,0.49561567630000003,4,2.01144425,0.9191632118,0.24801489710000002,0.2826425233,0.6179457257,0.7280542972,99.6644118,114.374618,3,2
282,12,9,1,200.0,200.0,9.645985000000001,4.465512627,2.231433,0.7225385853,-2.295371,0.6716128337,1.577228,0.3187353074,1.388428,0.3140146632,0,-0.1284603144,-0.1284603144,0.2680669454,0.28334133,0.5955321184000001,0.6698398529,89.58565599,104.5258489,4,2
