pid,LatDist,LongDist,MaxVel,MeanVel,MaxLatAcc,MeanLatAcc,MaxLongAcc,MeanLongAcc,MaxLatJerk,MeanLatJerk,MaxLongJerk,MeanLongJerk,NumPks,MaxPkAmp,MeanScl,MeanEntropy,MaxEntropy,MeanDwell,MaxDwell,MeanHr,MaxHr,Event,Trial
25,6.474984,200,10.271985,10.0117607871,0.600456,0.1511953465,-0.596865,0.435077099,-0.617045,0.1888666287,0.580091,0.0424940594,1,-0.1275198119,-0.3551013859,0.2861873431,0.3007512928,0.5080002551,0.6316704194,94.6546754766,107.9445755694,1,2
25,200,200,10.338778,4.653754741,-0.383833,0.122324759,-2.944633,1.1357747711,0.490298,0.0851637229,2.923728,0.5027934458,2,1.3961768195,0.475309303,0.2680582337,0.3029988357,0.5154260948,0.7460255241,86.5101548699,114.785046661,2,2
25,200,18.986676,9.633541,2.463980569,-0.152322,0.0342431186,-2.930145,0.8791575448,-0.277891,0.0340155109,3.327535,0.3655485182,3,1.6075209583,0.5481559487,0.2084794433,0.2518248085,0.6835034484,0.8781874506,104.6644315101,134.8316066192,3,2
25,200,200,9.710018,8.8517389575,3.789225,1.6739850734,-1.932196,0.4935639614,-2.043432,0.7673101815,-0.972836,0.2315605174,1,0.9383381441,-0.0201225755,0.262981069,0.3046823517,0.4518781707,0.5541434156,74.1931952352,80.2441816849,4,2
9,7.2024206803,200,10.205718,9.7134947413,0.551719,0.1872449552,-0.368637,0.15947701,-0.147836,0.0499329005,0.093252,0.0339666965,1,0.0134421928,-0.0209360076,0.2027091214,0.2353194033,0.796694322,0.872296948,130.1903633615,170.8384038491,1,0
9,200,30.851827,9.749951,4.2483175699,-0.306346,0.1046361425,-2.895815,0.9307084575,0.193598,0.0353097589,1.13909,0.2620015452,1,0.2189925548,0.0751451571,0.248384666,0.2852129243,0.5500947002,0.709840096,124.7739169075,190.8978593667,2,0
9,200,16.274537,11.612985,1.7226687242,0.838447,0.1984776337,-4.025229,0.8164770926,-0.239828,0.0288333158,-2.072683,0.23129588,1,0.5733652268,0.2653213791,0.2236889333,0.3120674688,0.5106886632,0.7445915853,91.6428618984,135.0315064266,3,0
9,200,200,9.737537,9.0965168893,3.943008,1.7450492648,-1.477924,0.4243337549,-0.872029,0.3052763953,-0.324383,0.0717470198,2,0.1137369837,-0.0037187487,0.226349681,0.2784402317,0.6406535663,0.902352214,126.4936256233,138.0750913921,4,0
12,6.442909,200,10.157352,9.6398062475,0.499128,0.1763108911,-0.350711,0.1814038911,-0.372028,0.1293855149,0.274781,0.0845302525,1,-0.285661401,-0.5190147521,0.2266288234,0.257818251,0.4426592468,0.511329497,92.9040823098,105.5311319181,1,0
12,200,37.279955,11.461219,2.4782708151,-0.373523,0.1306819003,3.112223,0.6775626093,-1.111977,0.058472008,-3.148629,0.3433849855,2,0.466918964,0.1255327087,0.2407757498,0.2966782613,0.5110847622,0.727545135,117.0441280484,138.5628202031,2,0
12,200,10.320844,11.123683,2.1170545567,1.031733,0.2121524081,-3.220238,0.8509511788,1.140397,0.1314744358,3.203503,0.5109070101,3,0.8169232683,0.3815761139,0.2350919745,0.2713263024,0.636626561,0.7300054631,111.4290644522,125.1522128433,3,0
12,200,200,9.691565,9.0190814824,3.818189,1.6738301255,-1.664475,0.4160120941,-2.283818,0.7451067608,-0.961697,0.203158651,1,-0.2955416266,-0.2946411468,0.2408367463,0.2645192716,0.5037863219,0.5636147745,87.6702474754,97.178813062,4,0
29,5.0689,200,10.227844,9.9287667833,0.566438,0.1763419064,-0.785211,0.4717789901,-0.791847,0.1908082069,0.46323,0.0652368325,0,-0.0007284813,-0.0007284813,,,0.2724200521,0.4654065676,86.7902287459,118.9538625019,1,1
29,200,200,10.443008,4.4910218069,-0.381196,0.1376920922,-2.829516,1.0747668991,-0.466355,0.0902562133,2.996394,0.4523382305,0,-0.0017153879,-0.0017153879,,,0.4967512372,0.5895419944,84.8951359656,126.641596947,2,1
29,200,11.750838,10.045055,2.7181734764,-0.188747,0.0847687732,-2.580416,0.7193637618,-0.224161,0.0298594386,2.766979,0.3304031853,0,-0.0008801655,-0.0008801655,,,0.1836879187,0.509324394,103.1640261241,159.7565824407,3,1
29,200,200,9.356995,6.7950334925,2.254955,0.9988334119,-1.902809,0.7074389224,1.603991,0.4662214179,-1.281225,0.2854888896,0,0.0010117036,0.0010117036,,,0.1121135883,0.1323483278,85.6298068464,104.2962321388,4,1
18,7.63165,200,10.20134,9.8186641122,0.592631,0.155151122,-1.035494,0.5144989756,-1.132904,0.251489961,-0.966508,0.1092035171,0,0.1680461251,0.1680461251,0.1668515512,0.2008373493,0.318603313,0.5756820721,115.7439942224,122.5661172,1,1
18,200,200,10.396064,4.622135,-0.360711,0.125848753,-2.817264,1.1162542292,-0.504903,0.0893134107,2.948161,0.461824506,2,0.4883928456,0.2386762158,0.1889879772,0.2220919571,0.3738704324,0.6717257819,94.4121855384,132.7926299698,2,1
18,200,5.817911,10.102527,2.91160142,-0.179777,0.10376786,-2.953313,0.517987058,0.219987,0.032796094,2.967645,0.273309886,2,0.1659733806,-0.0529889459,0.1695664143,0.2782321733,0.3031049261,0.6035732536,78.9477340723,96.7778858173,3,1
18,200,200,9.651251,7.6052369402,2.26111,1.1305490797,-1.633498,0.5009279701,1.624807,0.4840639269,-1.697787,0.3524466146,0,-0.102629132,-0.102629132,0.0556334997,0.0823427985,0.0570539332,0.0842236869,91.9445854771,102.3769298174,4,1
26,8.856839,200,10.278255,10.0205126436,0.601209,0.1588378663,-0.639578,0.4483129653,0.634012,0.1783963564,0.64708,0.0398265594,3,0.5657296425,0.1973792434,0.2089361699,0.2274269921,0.5708002499,0.6898005026,120.146593535,129.1797410146,1,2
26,200,200,10.30163,4.6340580778,-0.375609,0.1291000329,-2.965187,1.1196791587,-0.502256,0.0967488623,2.855295,0.5015163353,2,0.4556557118,0.1109406241,0.2315930565,0.2633558446,0.4872422519,0.7360601994,116.4129180937,132.8062206036,2,2
26,200,20.409491,9.595595,2.2240218228,-0.20962,0.0414194639,-2.848224,0.8018145952,-0.271621,0.0305081488,2.952909,0.3102197374,2,0.4917070103,0.0948371431,0.2295782778,0.2544724164,0.6470748123,0.8182591303,119.4116645536,134.7849986056,3,2
26,200,200,9.804777,9.0405002717,3.722566,1.6748439331,-1.330564,0.4054422598,-2.181189,0.7784915276,-0.901663,0.2217688189,2,0.162060248,-0.0546263759,0.2228832071,0.2642357395,0.4624092573,0.5074818808,121.4705460809,131.9639166183,4,2
26,9.561311,200,10.183737,9.7477096418,0.563829,0.1901451045,-0.388518,0.1414421791,-0.378454,0.1349647214,0.217431,0.0841783831,1,0.1736266526,-0.1038192126,0.2558911729,0.2722087802,0.47325916,0.5629430023,117.4398683702,121.3378566754,1,3
26,200,28.689034,10.403268,3.6277096427,-0.427367,0.1233181439,-3.081222,0.8638722691,-0.542246,0.0799118005,2.767739,0.4631305499,2,0.7680109651,0.1650834886,0.2638253592,0.2946672172,0.5448880459,0.7118179728,115.9232742862,132.6516973341,2,3
26,200,16.976608,8.893488,1.420848338,0.602068,0.1939750893,-3.029197,0.6549985954,0.849642,0.0659288914,3.037396,0.3351923555,1,0.3816800927,0.0933358891,0.2193007808,0.2639743166,0.6065004548,0.9444599067,118.6497433179,142.2651406607,3,3
26,200,200,9.662567,6.0510199292,2.240826,0.9266223951,-1.883427,0.8032833842,1.549372,0.4129669428,-1.652806,0.3491611444,3,0.3118954419,0.0654692709,0.2438705664,0.3005595694,0.4482314151,0.597844384,122.6803913552,137.0339942305,4,3
22,6.667385,200,10.167594,9.9126561034,0.454436,0.134690335,-0.622364,0.4036814187,0.351985,0.0704699064,0.235304,0.0285549655,0,-0.0144099562,-0.0144099562,0.2056397186,0.2384080776,0.6804821238,0.7619485815,123.0261471874,130.1241640088,1,1
22,200,200,11.125993,2.7039032783,-0.367876,0.0962820922,3.278797,0.7492358296,0.21229,0.0246326748,-1.295423,0.1531423687,2,0.2578335176,0.0575794603,0.1793606332,0.2832471879,0.3364224245,0.5195123438,143.2027532428,160.9688977256,2,1
22,200,7.66683,10.099496,2.8385412843,-0.168006,0.073093902,-2.804834,0.591772,0.089922,0.014644149,1.222623,0.1810353882,4,0.3323257845,0.1450597625,0.18872826,0.2526990075,0.4874176248,0.7258889136,155.0397141563,185.8639990104,3,1
22,200,200,9.780411,9.0602892569,3.780124,1.6967194506,-1.131713,0.3732322213,-0.868969,0.2943602095,-0.376792,0.075487253,0,0.0194057181,0.0194057181,0.2098086004,0.2599375965,0.2889346046,0.3691104454,147.4180108006,151.1945249784,4,1
23,6.308796,200,10.230265,9.8939710098,0.603755,0.1592745735,-1.024089,0.5116061765,-1.022083,0.1978364559,-0.873822,0.1092912304,0,-0.0594651867,-0.0594651867,,,0.2011199583,0.2992467956,94.530397337,114.6374881664,1,2
23,200,200,10.446157,4.4625291466,-0.349002,0.1216477701,-2.848576,1.0832794626,0.560751,0.0892667241,2.868004,0.4701124598,1,0.0934219743,-0.0084616737,,,0.0416616977,0.0784421363,118.5591928761,126.1898971472,2,2
23,200,11.646454,8.241094,2.3129062118,-0.147986,0.0714168018,-2.579232,0.77594859,-0.302182,0.0358369499,2.725112,0.4459612688,1,0.4061674802,0.1304960347,,,0.0561099745,0.1344481975,103.15088793,120.8925454398,3,2
23,200,200,9.683503,7.3543094103,2.253803,1.0887791474,-1.659179,0.5809097147,1.56339,0.4770715897,-1.276229,0.3281328333,0,-0.1030200556,-0.1030200556,,,0.1377494671,0.2989577099,102.2264082498,128.6522829683,4,2
23,8.819716,200,10.298353,9.9718165149,0.579012,0.1586164257,-0.596175,0.4438393564,-0.870343,0.1894740149,0.392944,0.0426207079,0,0.0339795483,0.0339795483,,,0.0634090143,0.0922440568,107.5589972276,117.1791326793,1,1
23,200,200,10.337851,4.7278814862,-0.345097,0.1211915413,-2.87914,1.1474929725,-0.529586,0.0936783761,3.08542,0.5051085872,1,0.2888959734,0.0514065592,,,0.0322001834,0.0740926315,117.7562599449,132.454419088,2,1
23,200,19.18578,10.118048,3.2439708697,-0.132093,0.0510114787,-2.787218,0.7637091865,-0.267303,0.0372297371,2.931177,0.486449809,2,0.2721795846,0.140107946,,,0.1493561017,0.4012069487,112.2562609729,124.3209795308,3,1
23,200,200,9.85451,9.0681512609,3.734148,1.7002355889,-1.482247,0.3965983399,-2.101134,0.733393083,-1.056749,0.2143336443,1,-0.011734758,-0.0072769874,,,0.1263843632,0.1645895445,90.0670742427,95.5240585922,4,1
29,3.938488,200,10.19337,9.7228979602,0.506335,0.1817199751,-0.361581,0.1488572687,-0.403314,0.129024801,0.2578,0.0769100896,0,-0.0012629411,-0.0012629411,0.2547207057,0.2821882561,0.4206909705,0.5674950709,125.8761207072,141.7579463782,1,3
29,200,200,10.292577,2.7576737135,-0.369942,0.128332516,-2.879089,0.7045355196,-0.450427,0.0605735071,2.855152,0.3011661388,0,0.0005749335,0.0005749335,0.2239882146,0.2641569295,0.4760338554,0.6970122478,93.4181147425,131.1048056225,2,3
29,200,13.616452,9.907091,1.8089318703,1.010325,0.1778475055,-3.087891,0.7705740374,0.83767,0.097595367,3.073749,0.4019504571,0,6.06598257802406E-05,6.06598257802406E-05,0.1413835828,0.2282124811,0.7359590658,0.9987401559,85.2137036315,93.0647708885,3,3
29,200,200,9.872283,8.9951966339,3.80478,1.6980209567,-2.115959,0.466125815,-2.198932,0.7715897835,-1.287952,0.2632934843,0,-0.0011336367,-0.0011336367,0.1814988876,0.2188982185,0.7912153619,0.8643737184,83.3352497631,108.1902857423,4,3
14,9.164601,200,10.129455,9.7148325842,0.561785,0.1831597079,-0.369765,0.1277253218,-0.409997,0.1239177772,0.247356,0.0747644901,0,0.1633309782,0.1633309782,0.2667670203,0.2961993615,0.729956957,0.8139220845,103.0092443665,106.8197788898,1,3
14,200,36.277926,10.131467,4.6363579371,-0.366572,0.1301205719,-2.744268,1.0995803892,-0.415113,0.0900247695,2.897043,0.4895761826,1,0.0651383565,-0.176801855,0.2869876695,0.3212830171,0.4890468031,0.5825906744,85.1180118749,93.8778378383,2,3
14,200,14.672018,9.624712,1.6580071756,0.951437,0.2039471178,-2.847273,0.7118680918,-1.080686,0.0991860519,-2.838382,0.3571310958,2,0.492323145,0.1409792552,0.1754504332,0.2874034955,0.7719596254,0.9585993825,97.3898464828,107.4818944399,3,3
14,200,200,9.837434,8.8836376564,3.885859,1.6887752857,-2.068883,0.5251639691,-2.253139,0.7796595598,-1.470535,0.2440613784,0,-0.1451916053,-0.1451916053,0.2695970503,0.3093479372,0.5486639941,0.6096291804,92.3556579921,108.0400292342,4,3
20,9.947635,200,10.171964,9.76396145,0.575599,0.188644955,-0.386642,0.124559145,0.185728,0.05182728,0.096304,0.033466445,0,-0.1940104049,-0.1940104049,0.163021887,0.206342436,0.8739726711,0.9105290111,102.2164018939,112.5217261993,1,3
20,200,34.503818,10.398612,4.6622466877,-0.345049,0.1282389189,-2.823021,1.1350932913,0.199041,0.0341825526,1.161486,0.1870540871,2,0.8606204133,0.3584673136,0.2143826365,0.2857546518,0.8085751964,0.8822991812,148.5187642771,167.1024839717,2,3
20,200,16.605116,9.40375,2.0829183823,0.843317,0.2068861772,-2.979878,0.8287941671,-0.341264,0.0426141114,1.170895,0.1624841266,1,0.2284913686,0.0686338,0.1399416099,0.2266226477,0.8441238379,0.9645520955,102.7538782988,122.8058933437,3,3
20,200,200,9.748364,7.5267779474,2.259484,1.1231475033,-1.622571,0.5252796349,0.639736,0.1904672237,-0.509475,0.1338636414,2,0.4556328812,-0.1070985955,0.2791043415,0.3082300548,0.6445987045,0.7138559237,95.479780158,118.0009950324,4,3
19,7.919749,200,10.153947,9.6741547015,0.562592,0.1850948806,-0.390247,0.1494115522,-0.43449,0.1394771343,0.233358,0.0851004876,0,0.0984601667,0.0984601667,0.143657234,0.1882143485,0.8907119472,0.9324757705,101.7204805441,107.3988652712,1,3
19,200,27.371723,10.399285,4.5762101003,-0.385984,0.132725351,-2.828138,1.1006960796,-0.468453,0.0904444572,2.931062,0.4633706814,1,0.6231511952,0.060341151,0.1814521246,0.2164432107,0.7544990367,0.8703069768,84.062854882,106.7560746877,2,3
19,200,16.989849,9.105821,1.8570600268,0.547343,0.1811208054,-2.938423,0.7430261387,-0.863806,0.0699614228,2.986098,0.3633870045,2,1.0365749107,0.3556141618,0.1413660682,0.185481205,0.885962378,0.9325964506,98.0303018519,119.6980106025,3,3
19,200,200,9.658535,6.765443651,2.23275,1.0026827185,-1.605014,0.7058979824,1.573342,0.4745913226,-1.300857,0.2839697185,2,-0.024780414,-0.1111313776,0.2539702716,0.2999878333,0.6349376322,0.7467157544,103.195909549,126.0257126404,4,3
15,10.885508,200,10.109741,9.8012215797,0.577528,0.176023401,-0.685398,0.4716512995,0.683566,0.1949771111,-0.513874,0.054992599,0,0.0612835734,0.0612835734,0.2354866219,0.2560353697,0.2775406962,0.388911169,119.9582600392,124.9057365016,1,2
15,200,200,10.353436,4.4712978739,-0.357509,0.1248135673,-2.717523,1.0443724097,-0.498667,0.0906107421,2.623857,0.4395733238,0,0.2596110211,0.2596110211,0.2008982229,0.2369359793,0.2716210019,0.3990773864,111.2950677056,126.821785999,2,2
15,200,17.049726,9.7612,2.2759655034,-0.211357,0.1066382528,-2.559515,0.7840337852,-0.328304,0.0297667718,2.945383,0.3111801163,3,0.861308974,0.2707808167,0.2175086691,0.2490194811,0.5506767496,0.8101644852,114.9604588614,139.7372284247,3,2
15,200,200,9.616434,7.6043597774,2.27599,1.1245406047,-1.545235,0.4949014153,-1.625862,0.498371186,-1.646238,0.3459594286,0,-0.2404042953,-0.2404042953,0.1659463883,0.1905521516,0.2014916608,0.298883669,119.4275420401,133.60088227,4,2
25,8.236888,200,10.19378,9.7401696567,0.577698,0.1897132139,-0.372786,0.152729801,0.423965,0.1394785373,0.283958,0.0868130945,0,-0.4740991049,-0.4740991049,0.2924570167,0.3128858811,0.4968102307,0.6155986794,88.9348837256,91.1796243726,1,0
25,200,29.878566,10.389511,2.7033282391,-0.41642,0.1217010716,-3.133321,0.6891513997,0.492542,0.059007822,3.074705,0.3269228272,2,0.5149874149,0.3079214504,0.2494725656,0.2862607339,0.4868702898,0.6516737883,84.7960546599,162.1456624541,2,0
25,200,16.90189,9.010853,2.0296488193,0.641689,0.1898865272,-2.943724,0.8388935446,0.616185,0.093458505,3.021591,0.4484234752,3,0.8198984552,0.1971605479,0.2643662538,0.3005676355,0.5858251126,0.7981484956,73.5911145037,94.7545321455,3,0
25,200,200,9.687887,5.852764246,2.247584,0.9087881138,-1.794951,0.7811153175,1.68473,0.4030646032,1.5921,0.3352903889,3,0.3785922553,0.0416415738,0.3179074406,0.3360701301,0.5365876464,0.602349076,72.29933764,81.3409705635,4,0
13,10.20798,200,10.196279,9.9084160683,0.475876,0.1695492244,-1.014697,0.4465091512,0.388066,0.0827401366,-0.338484,0.0523133561,1,0.2608117202,0.1262623657,,,0.7944893764,0.8842070491,98.2543423127,116.2029888907,1,2
13,200,200,10.456412,4.0004366881,-0.349022,0.1301879871,3.105196,1.0280756392,0.22611,0.0352267861,-1.180266,0.2157032732,1,-0.0003941035,-0.0192275518,,,0.9193166804,0.980624117,124.7765107361,162.8177865799,2,2
13,200,18.594269,9.774243,2.0558718707,-0.220363,0.1077398929,-2.620043,0.7006651879,0.100028,0.012731297,1.17746,0.1310845273,1,0.1076434763,0.0007701928,,,0.8584519241,0.9865773685,112.0093518547,142.1993374061,3,2
13,200,200,9.705492,4.3940783992,2.266388,0.6791723781,-1.735837,0.6220344875,-0.691361,0.1257681536,0.627985,0.0992223743,2,0.0635527334,-0.0072252995,,,0.7066503483,0.9205549057,137.1477294886,169.9236426239,4,2
27,6.919282,200,10.289793,9.9889153881,0.547842,0.1412774328,-0.627778,0.4443383831,0.205804,0.0634470498,-0.159432,0.0155247015,0,-0.0329040604,-0.0329040604,0.2457263731,0.2700114965,0.7421607629,0.8205523116,140.2628638363,153.633225243,1,1
27,200,200,9.952652,4.5839411062,-0.351989,0.11834059,-2.995544,1.0844090413,0.238563,0.0338146431,1.241111,0.1939230649,0,0.0147846789,0.0147846789,0.2832475301,0.3452653741,0.6238482476,0.788121844,163.0293867734,186.3608254463,2,1
27,200,24.9224618275,10.070123,2.5940440253,-0.148887,0.051118713,-2.757767,0.6612360632,-0.115165,0.0130330054,1.159654,0.1758887852,1,0.0687616559,-0.0067538032,0.3072246977,0.3344024258,0.6179201087,0.8060958492,125.5360876463,132.2749719487,3,1
27,200,200,9.823943,9.0715702095,3.797097,1.7121963241,-1.547854,0.4050430198,-0.834631,0.3061388814,-0.44273,0.0828699881,0,-0.0334834153,-0.0334834153,0.2385024209,0.2516877522,0.4040364747,0.4629657835,159.9809255423,188.5155440142,4,1
20,9.166766,200,10.157048,9.6357001379,0.549236,0.1796433054,-0.386456,0.1654239852,0.167716,0.054394468,0.129217,0.0344169064,3,0.2280685457,0.033131628,0.2061909884,0.2431354959,0.8085562479,0.8562570077,89.0505702042,101.9065473518,1,0
20,200,38.601606,10.380273,4.7397830826,-0.333809,0.1320137187,-2.74276,1.1550226086,0.259807,0.0372820367,1.136448,0.1848878532,1,0.3205891121,0.0583398735,0.2372831225,0.3089942399,0.7336801811,0.8403485312,80.9870404365,89.7984628539,2,0
20,200,12.376614,10.024397,1.6069112641,1.096583,0.2012944932,2.980736,0.7621983903,0.342235,0.0392308951,1.207118,0.1445378369,2,0.6752005107,0.0388816093,0.1907817809,0.3057060141,0.7583904243,0.8963307025,109.0401019884,118.9829948011,3,0
20,200,200,9.574089,7.3790751576,2.245508,1.0702542701,-1.581207,0.5407148714,0.635083,0.1867454019,-0.594218,0.1472305466,1,0.2538500647,0.0269189667,0.2424104934,0.2744359891,0.7430509914,0.8257157557,94.0068473529,111.6606317969,4,0
14,5.686551,200,10.306953,9.9257743382,0.571779,0.1750365245,-0.556114,0.4261826275,0.907198,0.1987285784,-0.25966,0.0429689559,0,-0.2415345348,-0.2415345348,0.1886335847,0.2415857564,0.6962386731,0.9006416683,91.0792953558,96.8107522336,1,1
14,200,200,10.260956,4.6892512296,-0.354649,0.1316880423,-2.767267,1.1179480483,-0.474852,0.088659719,2.884615,0.4897201662,0,-0.1908212741,-0.1908212741,0.228857871,0.2616636052,0.5654214131,0.8546233535,102.1057825211,107.4581207886,2,1
14,200,8.10912,10.15679,3.1775801528,-0.201326,0.1119806943,-2.669628,0.6403728079,0.258081,0.0357025721,2.563014,0.4591188428,3,0.8621381794,0.3102430611,0.192644272,0.2820458228,0.7740442771,0.9825471943,112.678667624,123.1074732965,3,1
14,200,200,9.711758,8.3187289964,3.870861,1.5751674657,-2.384814,0.6969435451,-2.104978,0.7584801011,-1.157332,0.2457224838,0,-0.3891493583,-0.3891493583,0.2560757684,0.2940911093,0.4587874417,0.5975533383,100.2083161645,114.4059883212,4,1
16,8.227326,200,10.199611,9.8956651756,0.446278,0.1319217073,-0.828074,0.4166396341,-0.511575,0.1653371659,-0.506044,0.102362039,2,0.1576151055,0.0261206301,0.2109519721,0.2646438928,0.354653854,0.4714824216,98.0280947689,126.7253472139,1,2
16,200,200,10.91543,1.611409317,-0.358871,0.1027262193,-3.222437,0.4897315343,-0.443849,0.0376167848,3.38354,0.2408300738,2,0.2004689942,0.044071222,0.18265669,0.237453293,0.4370925219,0.9224295151,84.3085092942,105.379426478,2,2
16,200,15.768711,10.046768,2.1821343812,-0.113006,0.0573249293,-2.621904,0.6803464754,-0.277049,0.0331962698,2.118162,0.3524415096,0,0.0050789686,0.0050789686,0.2002438227,0.2736660355,0.3178828761,0.4672198857,77.9418164404,110.6280073502,3,2
16,200,200,9.641773,7.3703895064,2.258226,1.0819328045,-1.689421,0.5733373077,1.536472,0.4709821731,-1.255966,0.3581410256,1,-0.0085265219,-0.0322076939,0.1276882753,0.1420896526,0.1257970571,0.1403649243,82.6964407264,100.4404615326,4,2
17,9.471924,200,10.175919,9.769443165,0.609408,0.207152105,-0.368061,0.127750605,0.453454,0.130681565,0.218919,0.082073735,0,-0.0346812091,-0.0346812091,0.218659987,0.2591422583,0.3758453676,0.5435901715,90.0507305305,98.1291005954,1,3
17,200,36.917975,10.396075,4.4514273496,-0.363077,0.114597255,-2.895059,1.0840617307,0.47086,0.0819326705,2.697083,0.4664508424,3,0.1868991578,0.0410333892,0.1228717432,0.1726075114,0.2844740239,0.4152412389,78.5455814984,92.9830247095,2,3
17,200,8.835558,9.899873,1.7426384486,1.095636,0.1943524403,-3.184721,0.7015140545,-0.938599,0.096861566,3.237035,0.3561855304,2,0.3969823336,0.227383756,0.2207598035,0.2828915335,0.3254789465,0.5153398384,93.5371593154,123.442115662,3,3
17,200,200,9.675837,7.5320492164,2.233358,1.0969626131,-1.650446,0.5329337836,-1.642134,0.4803828197,-2.008373,0.403142659,1,-0.0471776546,-0.0851331915,0.2175032939,0.2529513087,0.3838299312,0.5936900626,81.8410721483,121.5721482703,4,3
20,5.823997,200,10.297112,9.9639918325,0.582549,0.1606057734,-0.585382,0.4313982562,0.343177,0.0832182266,0.178744,0.0144681429,0,-0.0123379878,-0.0123379878,0.1747482654,0.2079172131,0.810472232,0.8462107169,97.4211117087,116.0952673328,1,2
20,200,200,10.334168,4.6275526,-0.329765,0.1277525194,-2.941973,1.0947811701,0.250936,0.036693391,1.057503,0.1886935075,2,0.2860301496,-0.0398211931,0.1616865977,0.2007336514,0.8036797207,0.8503841828,116.5817349523,138.7200112285,2,2
20,200,19.72674,9.741162,2.440957363,-0.153098,0.0534264303,-2.679263,0.8001317596,-0.111846,0.013911476,1.162716,0.151654476,1,0.4977725178,0.2042789421,0.1072403794,0.187256799,0.8974586484,0.9485177212,99.6561860658,121.2354120802,3,2
20,200,200,9.762553,8.7404373004,3.824165,1.6677697719,-2.15255,0.5670415095,-0.81271,0.30292873,-0.48845,0.0968000532,1,0.1484887856,-0.0228349099,0.2178676022,0.2425089533,0.7939791421,0.8543288991,114.7227316897,123.2641322872,4,2
19,7.645781,200,10.20357,9.7411495622,0.541851,0.1830273781,-0.384086,0.1598127861,-0.357962,0.1328035522,0.250908,0.0873611095,0,-0.064847301,-0.064847301,0.2345798034,0.2821670929,0.7618043849,0.8301585579,85.8461256605,89.0182721016,1,0
19,200,38.058309,9.905085,4.5528024708,-0.336574,0.1251245643,-2.802118,1.0631304474,0.549058,0.0956060146,2.733862,0.4775315234,1,0.0210372267,-0.0420025028,0.2002047524,0.2491816528,0.6956880622,0.7520988886,66.7569154724,80.3387749894,2,0
19,200,15.721564,9.583562,1.861601746,0.847229,0.16906739,-2.968645,0.7658290317,0.95822,0.0898607551,-3.264208,0.3694898594,1,0.0710457784,-0.0344894524,0.2130682086,0.2823521164,0.6938521857,0.8022585936,85.2089072491,111.0549067763,3,0
19,200,200,9.849867,9.0316579646,3.819443,1.7177713858,-1.477369,0.4292419764,-2.167892,0.7519761024,-0.905295,0.2122193504,1,0.0295273244,0.0585897746,0.2880381098,0.3068895365,0.5917277787,0.6659671314,98.1642409342,184.3377226457,4,0
29,6.324052544,200,10.293078,9.9892702525,0.57749,0.1674903267,-0.596371,0.4346130891,-0.652833,0.2033803465,-0.293588,0.0379039554,0,-0.002278566,-0.002278566,,,0.5777853344,0.7439807661,110.9198737385,129.0698794768,1,2
29,200,200,10.422129,4.5854190801,-0.371522,0.143240727,-2.967049,1.1041872967,-0.482736,0.0930285786,2.639197,0.4825862552,0,0.0007311468,0.0007311468,,,0.3311552131,0.6775616597,85.4745783039,99.464031039,2,2
29,200,9.361265,9.747851,2.0544366828,-0.220594,0.1242662364,-2.495128,0.5884563192,0.224458,0.0317771778,2.875219,0.4184452465,0,-0.0010626814,-0.0010626814,,,0.5669590036,0.8423546047,85.5739267035,132.3730863336,3,2
29,200,200,9.754766,8.5484595333,3.812361,1.5841240185,-2.747796,0.6538416444,2.17055,0.7599237778,-1.816872,0.2868825148,0,-0.0010138126,-0.0010138126,,,0.1504381754,0.1866421238,164.1031225034,194.8067795159,4,2
18,6.318026,200,10.219244,9.9198629317,0.594675,0.1475244439,-0.792353,0.4762834439,0.298838,0.0751110098,0.201447,0.0277931366,1,0.0860198787,0.0426545687,,,0.0692518293,0.1343493094,106.1275417081,115.7240248873,1,2
18,200,200,10.393842,4.6264796766,-0.386652,0.1246656499,-2.840665,1.1167987715,-0.201267,0.0380145727,1.187329,0.1849502878,0,-0.0519833584,-0.0519833584,,,0.0452192397,0.1674617441,104.7784545316,125.3080195314,2,2
18,200,11.491117,9.739496,2.5508398081,-0.133812,0.0542516995,-2.776218,0.8238427449,0.080165,0.0133961919,1.160547,0.142473702,0,-0.0985067581,-0.0985067581,,,0.0093309538,0.0402663,126.9213937372,137.7223544429,3,2
18,200,200,9.597566,7.4965211209,2.249968,1.1020155098,-1.625765,0.5259358203,0.605848,0.1870109412,-0.597242,0.1443311078,1,0.0657168529,0.020156583,,,0.0375279492,0.0541432999,130.9198280149,147.3749475893,4,2
9,6.524887,200,10.14566,9.7616730918,0.594143,0.1488166908,-0.92731,0.4923170821,0.325348,0.0752602174,-0.383978,0.037222,1,0.1770293784,-0.0023925868,0.274163914,0.294451112,0.7804987564,0.8179982015,111.8361603125,119.5958565843,1,2
9,200,200,10.405253,4.4650485793,-0.35545,0.1153975014,-3.088795,1.0832915216,-0.200571,0.0337824179,1.147729,0.192342196,0,-0.0691963629,-0.0691963629,0.2481083885,0.2883099998,0.7484794077,0.8121110007,135.9922960439,156.0560965213,2,2
9,200,13.740013,10.541116,2.2259645646,-0.164508,0.0760298643,3.327489,0.8299158775,-0.075503,0.0125898796,0.957049,0.1557646805,1,0.1232495475,0.0559307844,0.2198506756,0.2772503081,0.8130288599,0.9225059804,80.0234191611,119.4743981687,3,2
9,200,200,9.71752,3.9588823067,2.287445,0.6256313103,-2.005004,0.5921213014,0.616743,0.1078798209,0.585181,0.100257117,0,0.030363621,0.030363621,0.1679113639,0.2591389896,0.7706854493,0.9687103417,119.6433498409,135.6324204323,4,2
24,7.135057,200,10.210317,9.677199901,0.568217,0.182773396,-0.396642,0.1686786188,0.393938,0.1277678614,0.304908,0.0863306188,0,0.0271426435,0.0271426435,,,0.2529654148,0.2809049561,106.5396959683,110.1960232633,1,3
24,200,29.624479,10.387581,2.5878028395,-0.371093,0.111830913,-2.89176,0.6654459967,-0.509654,0.0543143194,2.955874,0.2756466304,2,0.1473585699,0.0340919121,,,0.009443766,0.0260720985,100.8745423615,126.3690702193,2,3
24,200,16.71616,9.158775,1.9963841546,0.666076,0.2007082609,-3.009718,0.8393249251,-0.696766,0.0907077826,3.155026,0.4160900072,1,0.2118969149,0.1236342809,,,0.0056789948,0.014036638,86.7615935961,124.8798639349,3,3
24,200,200,9.600956,7.4339834123,2.251171,1.0925584286,-1.598605,0.5327258896,1.538313,0.4764823604,-1.428423,0.3546583961,0,-0.0488444635,-0.0488444635,,,-5.31565416362464E-07,2.40905385738711E-08,84.2580647828,90.3455445698,4,3
27,10.771613,200,10.150531,9.6781059752,0.581229,0.189335703,-0.401421,0.1539841832,0.163107,0.0521059257,0.09666,0.0347936238,0,0.0099781217,0.0099781217,0.3053517651,0.3269730964,0.5944597786,0.6478024666,165.1567104306,177.4067551076,1,0
27,200,31.839392,10.326322,4.1868159243,-0.448363,0.1335870946,-3.766354,1.0208717486,0.19291,0.0341475027,1.345875,0.2264628162,0,-0.0450008603,-0.0450008603,0.2951266725,0.3373262776,0.6797110098,0.7479458725,144.9591072116,165.7381216053,2,0
27,200,9.022704,9.930224,1.9300393014,1.023467,0.2066168972,-3.97417,0.8540321355,-0.354709,0.044283743,1.485645,0.1964821495,1,0.1149608857,0.0395052376,0.2690504629,0.3160522918,0.7227342978,0.8642532002,142.8858149812,166.5499944128,3,0
27,200,200,9.796118,8.9672821725,3.749441,1.7099683176,-1.773015,0.4604090314,-0.874991,0.2988190588,-0.418354,0.091411651,1,0.0649115554,0.0250742027,0.2780661413,0.3087773582,0.4386003453,0.5054331386,116.958007548,144.9130086457,4,0
18,8.425672,200,10.206214,9.7247688607,0.491036,0.1699551244,-0.410224,0.1768181244,0.136233,0.0503707463,0.126096,0.0394777711,1,-0.2133808311,-0.3225764065,,,0.0306128269,0.15452009,95.3853602031,109.3215738095,1,0
18,200,26.6808497101,10.422254,4.7117410393,-0.377159,0.1234913021,-3.096345,1.1148999517,0.221627,0.0368721843,1.274992,0.2017331903,1,0.3170729639,0.1258837027,,,0.007690564,0.0521355566,102.0657609596,112.0565183336,2,0
18,200,8.025749,10.159348,1.8276472385,1.123813,0.1909713107,-3.928093,0.8023008993,0.422744,0.0438509912,-1.667794,0.2114919103,1,0.2183296755,0.3250480825,,,0.130820811,0.3562252503,106.8465486294,119.3697450721,3,0
18,200,200,9.715696,8.654297218,3.846982,1.6426724248,-2.466945,0.610387906,-0.905828,0.2914112594,-0.555168,0.1031655564,0,-0.3033208552,-0.3033208552,,,0.1276608397,0.2005213556,98.2785236412,108.436598287,4,0
24,8.95941,200,10.293031,9.9902654307,0.59944,0.1625692228,-0.584718,0.4383672079,0.928829,0.220648505,0.455715,0.0431402673,0,-0.1153837901,-0.1153837901,,,0.4525541584,0.6678829385,101.249214028,106.1851758398,1,2
24,200,200,10.337585,1.7517330816,-0.375981,0.1057564921,-3.26234,0.4951945952,0.501019,0.0396333231,3.352357,0.2030034751,1,0.0160630672,0.0201044486,,,0.2092990546,0.5514385216,105.9228333006,149.7185608167,2,2
24,200,20.951528,9.286476,2.3986522962,-0.171922,0.0562139502,-2.306147,0.8090290284,0.279731,0.0342693886,2.627135,0.3735995545,1,0.2414839771,0.0475691604,,,0.0771270409,0.1645459998,99.665691861,116.6453197442,3,2
24,200,200,9.775595,8.9182335543,3.777733,1.696081531,-2.170909,0.4930378256,2.106116,0.7363281357,-1.540367,0.2542687674,0,-0.0113883701,-0.0113883701,,,7.15936861789428E-172,1.86582921637108E-169,98.9159916629,114.3593592645,4,2
11,9.046504,200,10.164636,9.6444151379,0.559587,0.1856451182,-0.381888,0.182164468,-0.153245,0.0477293547,0.107387,0.0335315714,0,0.1702507379,0.1702507379,0.2985300552,0.3237565723,0.6943232052,0.7941384397,105.7010562634,117.2678603002,1,0
11,200,37.3251,10.963994,2.8582385238,-0.449772,0.1262571172,-3.406519,0.7615060476,0.299483,0.0312862179,1.434673,0.1790608425,2,0.6057398139,0.027478386,0.2636031614,0.3040432277,0.6098238992,0.8162054795,111.3414601694,135.883158012,2,0
11,200,14.018726,10.234658,1.6804183415,0.989703,0.1909875854,-2.999305,0.7302314533,0.388923,0.0360206057,1.098633,0.1505407033,1,0.6827437634,0.124517056,0.1911144007,0.2856241633,0.8177665631,0.9465390641,107.4085263608,143.0178670236,3,0
11,200,200,9.690102,8.9669381914,3.854146,1.693287625,-1.827502,0.4524496602,-0.853214,0.3067132305,-0.463666,0.0872680156,2,0.5364840283,0.1607271019,0.2673299602,0.2976705821,0.6734129992,0.7501565684,107.8791892153,131.8842456888,4,0
13,9.993789,200,10.126393,9.775743865,0.521536,0.17609047,-0.370094,0.098932325,-0.180441,0.047930605,0.096397,0.029455715,1,0.0603605567,0.0827314819,0.1854193334,0.2292548692,0.8564007584,0.9180919446,107.6092365824,172.3947157958,1,0
13,200,33.898104,10.25915,4.5227763819,-0.331449,0.1212487114,-2.749737,1.0741251458,-0.185397,0.0353961399,1.161299,0.1823384402,2,0.3629737622,0.0661373854,0.2482227255,0.2808755052,0.7057293362,0.8076122144,108.170865212,131.0153273766,2,0
13,200,9.067161,9.937904,1.8441399421,1.139649,0.1818505189,-3.867109,0.7541492584,-0.429598,0.0407465167,1.550621,0.1713362383,1,0.4020397101,0.0340053772,0.205707068,0.2605303695,0.814343477,0.9446024129,119.3893234894,153.2153525375,3,0
13,200,200,9.934938,9.157076877,3.922941,1.7370311706,-1.568801,0.4092739643,-0.872388,0.3142904524,-0.483977,0.0847540159,2,0.4284389502,0.2165405232,0.1643050897,0.2276132961,0.821274762,0.8824588411,137.0847672212,145.1152343072,4,0
16,7.794005,200,10.150182,9.7268034627,0.579824,0.2053057562,-0.368835,0.1320560299,-0.39228,0.1242994876,0.309978,0.0827562587,0,-0.1228667516,-0.1228667516,0.1547239487,0.2060297317,0.234664164,0.3248488292,85.9909000855,93.2560962211,1,3
16,200,33.017021,10.396168,4.6416760209,-0.385337,0.1229157821,-2.819566,1.127781609,0.469531,0.0847773194,2.921836,0.4648898985,1,0.2041824842,0.080667698,0.1850599852,0.2179686497,0.3008018975,0.3990294582,104.4784358769,121.414670933,2,3
16,200,10.471852,9.791379,1.5521270358,1.097485,0.1926171566,-3.724003,0.7771343792,-0.891914,0.0992776604,-2.677611,0.4060535755,3,0.2422764765,0.0669680096,0.207010081,0.2739817526,0.3404541727,0.479238463,100.9853604767,109.9929369872,3,3
16,200,200,9.675715,5.3224267537,2.292896,0.8515194627,-2.012439,0.7637474229,1.584234,0.3739003109,1.928637,0.3501723831,2,-0.0071046425,-0.0821650164,0.1771769114,0.1877858489,0.2061976573,0.2305977796,90.4394471242,113.2179987769,4,3
22,7.144627,200,10.221765,9.7074786816,0.529626,0.188664005,-0.411634,0.1602818408,-0.134779,0.0449839851,0.111463,0.0384473632,1,0.1611679361,0.0678472065,0.2100458323,0.2609648892,0.764621592,0.7961163654,160.4495320468,187.0310460925,1,0
22,200,200,11.114841,2.0559358915,-0.414869,0.1127153519,3.315082,0.6031499339,0.218995,0.0211022976,-1.321188,0.132307287,2,0.0499620598,-0.0199516596,0.2154535008,0.2823817254,0.6251190582,0.779916168,118.1346103667,168.7308752574,2,0
22,200,15.863625,10.940118,1.8370790044,0.962423,0.2150435667,-3.111563,0.9512633111,0.409696,0.0439963689,-1.357044,0.2062248289,2,0.1621046007,0.02480897,0.2120498017,0.2592742621,0.5651242611,0.7118979228,139.9445009137,163.008181827,3,0
22,200,200,9.718996,8.2788502796,3.820345,1.5714055125,-2.579452,0.7302359391,-0.936406,0.269866828,-0.746368,0.1027665735,1,0.0657556053,0.0549071581,0.1754585613,0.2223000885,0.5025196544,0.6456787697,158.11753181,172.5763268792,4,0
15,9.786986,200,10.143473,9.6027975196,0.582931,0.1834359853,-0.39701,0.1661074363,0.403109,0.1438148824,0.295336,0.0859159706,0,-0.5299232781,-0.5299232781,0.2331205507,0.254424316,0.6285444922,0.7099967491,132.3140104414,168.4749580862,1,0
15,200,37.93908,10.294581,4.589221365,-0.370706,0.1281255757,-2.764381,1.1073025579,-0.506168,0.0967510415,2.895579,0.4748249318,1,1.6880103827,0.9176775886,0.2089385912,0.2540038979,0.2848113224,0.4531888438,118.3638243061,134.7242870218,2,0
15,200,19.020809,9.697586,1.9317906488,0.630231,0.1598838744,-3.013812,0.8848242581,-0.832248,0.1273327884,-3.587163,0.4570773744,0,0.411858222,0.411858222,0.2513018984,0.2879702114,0.4288952967,0.5454180914,123.8100527051,151.2773484113,3,0
15,200,200,9.62965,8.7472105475,3.924636,1.6686114563,-2.81928,0.5758637681,-2.231186,0.7723302662,-1.639375,0.2780319772,0,-0.4724690622,-0.4724690622,0.2568194644,0.2832081186,0.3340035988,0.4171737799,130.5659817456,148.2101804722,4,0
12,10.685579,200,10.107873,9.735917,0.575026,0.20184417,-0.372608,0.112511895,0.458373,0.128803985,0.227226,0.076091115,0,0.0432541113,0.0432541113,0.2027814859,0.2444206054,0.7331320376,0.8221375588,100.3019637912,121.2971442259,1,3
12,200,34.753137,10.957139,3.7479309367,-0.402697,0.1216341873,3.174427,1.0093166545,-0.509432,0.0803737397,-3.376491,0.5979260195,3,1.0759704957,0.0885787158,0.2249851165,0.2583971042,0.6530658042,0.8064225593,120.0839994683,137.5983969742,2,3
12,200,14.092126,9.92018,2.0392371679,0.629955,0.1514123942,-2.502961,0.8949679465,0.80689,0.1150425523,-2.783678,0.3450726934,3,1.9461703744,0.9926817484,0.2469271584,0.2759670817,0.6577938361,0.8068722394,103.1357610433,113.3659871039,3,3
12,200,200,9.685728,8.3553771558,3.846517,1.5891518261,-2.171286,0.6865003188,-2.179643,0.7107357754,-1.045335,0.2243984529,2,-0.0129025878,-0.3678996432,0.2271226961,0.2507893674,0.6632993626,0.7479498175,81.2453984719,83.6663360812,4,3
15,8.572912,200,10.009922,9.8011556244,0.558437,0.1770735805,-0.649819,0.474110761,0.626204,0.193154039,0.341962,0.046327239,0,-0.0414034597,-0.0414034597,0.2205905971,0.2539372474,0.4119526514,0.5777020253,109.3206480791,116.120609847,1,1
15,200,200,10.41238,4.6044055237,-0.394444,0.1328178018,-2.772557,1.1104546716,-0.489077,0.0956384053,2.869673,0.4629245769,3,0.5542964951,0.1849978808,0.2082930398,0.2461599534,0.4354837953,0.7078985946,113.1767720035,130.4903621616,2,1
15,200,7.369603,10.114692,2.9225610302,-0.199894,0.1096358893,-2.891472,0.5188535252,0.197164,0.0303822897,2.618719,0.2423235433,1,0.3912140921,-0.1368716853,0.2030257066,0.258171283,0.7015481782,0.9344296446,98.1556937625,107.7293240554,3,1
15,200,200,9.630974,7.0443212936,2.243178,1.0337738318,-1.744118,0.6778307187,-1.718935,0.4924511621,-1.440239,0.3211887737,0,-0.1304460656,-0.1304460656,0.1634122127,0.1962174779,0.3115650115,0.4153574156,107.6592777636,134.4586375176,4,1
10,7.677124,200,10.235034,9.8940514488,0.573028,0.1536537951,-0.68705,0.4440596439,0.300542,0.0819884488,0.291738,0.0228390829,0,0.0519813955,0.0519813955,0.2353334109,0.2622007748,0.3319698703,0.3910240185,85.442502323,98.0820678372,1,2
10,200,200,10.202812,4.5718192633,-0.362325,0.1166206716,-3.014057,1.0981123462,0.199219,0.0347579882,1.15668,0.2012790858,2,0.4293230611,-0.0281436514,0.1663167128,0.2512433948,0.2063535314,0.3328246221,92.0446037213,103.2227915584,2,2
10,200,12.803352,9.904479,2.4507436522,-0.117234,0.0322806667,-2.850687,0.8537370531,0.124323,0.0128863696,1.241161,0.1476221932,1,0.3829669143,0.1220784505,0.2261026615,0.2456148269,0.2952475386,0.3647118504,85.8148116174,91.7057839052,3,2
10,200,200,9.720228,9.0359353701,3.873571,1.712611748,-1.773624,0.4332563622,-0.863859,0.2958997913,-0.428604,0.0824652087,0,-0.0956956482,-0.0956956482,0.1639942413,0.2491590497,0.2337498903,0.4556727885,118.4183841361,129.2241879906,4,2
9,8.983434,200,10.103243,9.7285085821,0.568085,0.1901958806,-0.36795,0.114740204,-0.157866,0.0526340697,0.085204,0.0311362687,1,0.0570381137,-0.004300789,0.2794755306,0.2997144034,0.6018256735,0.6797779746,125.8597199914,143.4037375993,1,3
9,200,18.193803,10.237307,4.5867450855,-0.381859,0.1317992094,-3.03406,1.0784318378,0.228747,0.0404009794,1.354906,0.2262132566,2,0.5497550989,0.2451863864,0.2781363632,0.3095092306,0.5552930711,0.623794646,123.6193715586,192.4687794802,2,3
9,200,1.25429,10.615337,2.0754409772,0.841735,0.2088359392,-3.763156,1.0358576152,0.374797,0.0498301367,-1.724553,0.2595944228,1,0.2230805573,0.1417414773,0.2878591161,0.3124859925,0.4680427943,0.5976488724,143.5097426028,165.5385830096,3,3
9,200,200,9.742652,9.0992296151,3.927792,1.736922881,-1.28449,0.4023740238,-0.847974,0.3113593016,-0.302596,0.0662338095,1,0.0498782437,-0.223244214,0.2567201217,0.2835605201,0.5088067089,0.7512504838,143.4054655473,147.9607695541,4,3
14,9.131939,200,10.198642,9.760525635,0.588992,0.19231401,-0.373332,0.13812562,-0.401988,0.125576945,0.26697,0.082074855,0,-0.119564825,-0.119564825,0.2281182812,0.2630510117,0.4302449053,0.5715440729,105.232100289,118.8296125038,1,0
14,200,35.052988,10.398767,4.5747865941,-0.331851,0.1250598147,-2.74102,1.1012956647,-0.508173,0.0860994147,2.755991,0.4553408941,3,0.2590998994,0.0449540492,0.2374242161,0.2918881685,0.4289912883,0.5936384505,115.8687400797,124.5621411483,2,0
14,200,0.252114,9.717021,1.5512014411,1.072207,0.1885786692,-2.865638,0.5986259196,-0.86266,0.0818779327,2.685994,0.3294632168,2,0.4982812379,0.1808992778,0.2399939169,0.2887108681,0.5941695343,0.7516024808,107.1765582091,119.6251909727,3,0
14,200,200,9.679116,7.0607041626,2.29205,1.0460333804,-1.60378,0.6700508006,1.580372,0.4794961074,-1.356656,0.2971202147,2,0.0853229136,-0.1328676278,0.2588885096,0.2825884818,0.3480148858,0.3971057845,81.2569069086,102.967283501,4,0
16,10.125281,200,10.192106,9.753030515,0.568394,0.196283335,-0.378998,0.13874713,0.500901,0.13530831,-0.241962,0.08449645,0,0.0081979005,0.0081979005,0.1413559162,0.2502389139,0.1766643672,0.3570920477,111.0487712396,125.8079908915,1,0
16,200,35.052119,10.323445,4.5934504006,-0.34358,0.1153943887,-3.004555,1.1130288694,0.608282,0.0937323442,2.823406,0.5107300297,1,0.0371679153,-0.0626205755,0.2024506239,0.2440591753,0.3566232848,0.4573507234,90.2099889887,108.9098527994,2,0
16,200,16.023208,9.698389,2.0160712336,0.870107,0.1973295328,-3.003607,0.8291984112,0.90435,0.1014339513,2.946554,0.4092803163,1,0.0431706358,-0.0272535055,0.2002499296,0.2589422315,0.3094289754,0.4558585525,92.3075937941,116.3413643564,3,0
16,200,200,9.733987,9.0418782292,3.90095,1.7279044229,-1.712339,0.4365022292,-2.140076,0.7704833162,-1.047868,0.2070564466,1,0.0267317095,0.0111419171,0.1661201184,0.2148181761,0.1946810577,0.3530006565,104.9858732174,114.2834620096,4,0
17,10.247728,200,10.159773,9.6513324532,0.611034,0.2018515567,-0.37383,0.1649278424,-0.448806,0.1372058374,0.217709,0.0846050345,0,0.0599170358,0.0599170358,0.2637133201,0.2918878863,0.5274642705,0.6478612243,90.7516824419,101.1186035392,1,0
17,200,200,10.324495,4.628131209,-0.374721,0.1284637522,-2.814625,1.1169831313,0.527499,0.0992812687,2.886931,0.4907678269,1,0.0076691387,-0.1650982784,0.2785036571,0.3161505554,0.5600757942,0.7481220293,105.4367730907,190.7990528874,2,0
17,200,9.866019,10.031462,1.6802718505,1.083401,0.2028538747,-3.73528,0.8097214949,0.809859,0.1004607657,3.021719,0.4293409758,2,0.3724002246,0.1971036271,0.2324356465,0.3127170743,0.7806901451,0.8783548742,85.4626839539,192.6322022219,3,0
17,200,200,9.821895,9.0911715534,3.874158,1.7227089407,-1.536564,0.4049683162,-2.136625,0.7643299328,-0.973848,0.2038499012,0,-0.0915987204,-0.0915987204,0.2933840488,0.3074466221,0.4990991774,0.6006543128,84.7284190711,95.7764405197,4,0
11,9.416518,200,10.156323,9.7432950697,0.555686,0.205659592,-0.381865,0.1313421095,-0.141107,0.0488711592,0.098127,0.0327421542,0,-0.0644530333,-0.0644530333,,,0.9316036844,1.0026119616,96.1372485574,104.4252768776,1,3
11,200,30.358267,10.387329,4.4659432197,-0.36872,0.1184191185,-3.109344,1.0864939104,-0.214719,0.0357117139,1.190155,0.198748474,1,0.6454736474,0.2892650116,,,0.7827954889,0.9223996068,90.7917212036,120.3681429083,2,3
11,200,6.950419,9.611664,2.0552828454,0.876013,0.1973349227,-3.02733,0.8883678803,0.421315,0.0410826683,-1.070354,0.1844613067,2,1.7738906099,0.409758151,,,0.8586685381,0.9381580329,108.5530879494,132.3341351373,3,3
11,200,200,9.351052,7.4468021851,2.249696,1.0834403799,-1.505697,0.5152745487,0.622773,0.1935970292,-0.618597,0.1401706364,1,2.2075694413,0.6361348079,,,0.8020461024,0.8863069259,101.0994236642,114.5742921227,4,3
11,7.540984,200,10.280649,9.954122803,0.571913,0.152977936,-0.554144,0.4430166355,-0.39632,0.0726302857,0.202672,0.0144025271,1,-0.300135147,-0.3059937371,,,0.7762566954,0.918788851,96.7336385438,108.019581651,1,2
11,200,200,10.326495,4.673614429,-0.387645,0.1276811994,-2.967728,1.1342821239,0.227223,0.0380248882,1.183777,0.2003778369,1,0.1109010746,0.1453248366,,,0.8436951919,0.9810507293,100.4858473473,122.1791327917,2,2
11,200,19.890268,9.625588,2.5299360877,-0.129563,0.0282996516,-3.051975,0.9180412682,0.097353,0.0112036917,1.356708,0.157142782,3,0.302755135,0.0722879048,,,0.8780693498,0.9665169468,116.7840395161,137.7965550107,3,2
11,200,200,9.722541,7.4453956254,3.097448,1.3199979079,-1.45754,0.6926539079,-0.856766,0.2761829048,-0.705228,0.0879825016,1,0.7615378593,0.3024382185,,,0.7831815619,0.8595615502,130.4789015614,189.2367263957,4,2
28,3.904657,200,10.215516,9.683340199,0.459817,0.1655080746,-0.367878,0.1546465423,-0.189202,0.0429112886,0.129098,0.0376323383,1,-0.098587001,-0.1434107633,0.2582849645,0.2760561508,0.6521422217,0.7360772809,98.109613483,114.1496135317,1,0
28,200,40.052035,10.41412,4.4415892771,-0.398694,0.1417134257,-2.750949,1.0510647629,-0.194724,0.0365601114,1.041646,0.1767575857,0,0.0747471313,0.0747471313,0.176336336,0.2441760289,0.3424854017,0.5294094592,104.5300622498,115.8309356212,2,0
28,200,13.887915,9.58862,1.6807733157,0.891021,0.1634200916,-2.791408,0.7375658493,-0.444041,0.033661499,1.13055,0.1400059104,3,0.5795825758,-0.0018480206,0.2053745032,0.2511733895,0.4883537849,0.7521171161,89.5891326666,97.4386899964,3,0
28,200,200,9.752949,6.9043645065,2.31843,1.1048306266,-2.249702,0.8090352305,-0.694457,0.2034201981,-0.465932,0.1449203864,1,0.2052351971,0.023903536,0.0627509339,0.0663701583,0.0669327763,0.0783622918,99.1642837368,109.382649634,4,0
29,4.207708,200,10.120396,9.74604916,0.532007,0.186669475,-0.371325,0.11368713,-0.454703,0.127529145,0.238355,0.073094455,0,0.0002449126,0.0002449126,,,0.960106662,1.0027799486,109.5117851263,116.5191191914,1,0
29,200,35.799205,10.406481,2.7476833582,-0.40531,0.1234946472,-2.81074,0.6994203848,-0.512793,0.0629828546,2.900713,0.2875942163,0,-0.0004166257,-0.0004166257,,,0.6619719948,0.7922234026,77.0650785688,126.9997451564,2,0
29,200,14.741534,9.280809,1.7400946271,0.705753,0.1853439915,-2.983476,0.7317814873,0.753753,0.0790591102,3.009479,0.3561989449,0,0.0001365857,0.0001365857,,,0.5993482383,0.7339926932,86.6979333303,122.3256951364,3,0
29,200,200,9.69064,6.2764389086,2.284748,0.9683132229,-1.985197,0.8138359143,1.662745,0.45203468,1.796881,0.3671431743,0,0.0002557482,0.0002557482,,,0.5029835181,0.7500760853,73.075033893,93.2971685579,4,0
28,4.236432,200,10.02878,9.5097841415,0.46432,0.1657768293,-0.368362,0.1480523805,-0.139229,0.0459841659,0.150906,0.0380115317,1,0.1798082338,0.2448782892,0.2728289083,0.2999113739,0.4571617057,0.6108236861,101.8754539216,112.4864957804,1,3
28,200,200,9.986924,4.5765214184,-0.395496,0.1360963798,-2.827729,1.0841396825,0.176063,0.0370570623,1.151762,0.1966739169,0,-0.2672107951,-0.2672107951,0.2283281991,0.2493512808,0.302238155,0.354929213,107.1799595234,115.9865095975,2,3
28,200,8.668754,9.72754,1.8467358536,0.953035,0.1914010833,-3.024102,0.8318044144,0.373887,0.0414651059,-1.295989,0.1737257613,3,0.7515122679,0.1251944259,0.2164911922,0.2586781665,0.279122543,0.3870962242,84.0016585646,110.6105905343,3,3
28,200,200,9.747964,8.7680826628,3.812339,1.656969728,-2.442761,0.5531882605,-0.926394,0.3004833985,-0.457025,0.1077843218,0,0.0616713163,0.0616713163,0.1859391856,0.2085372375,0.2088639538,0.2592902671,112.9850612042,173.6870009977,4,3
10,11.722821,200,10.1443,9.7191151095,0.613844,0.2118866468,-0.387727,0.1385867562,0.17476,0.0540625124,0.119965,0.031840209,0,0.0818562897,0.0818562897,0.2007024002,0.202131047,-0.0233327547,-0.0126345469,92.2200881448,97.5814829804,1,0
10,200,25.1748329001,11.03256,2.4174838331,-0.402893,0.1226673105,-3.223114,0.6801326552,0.256747,0.0240624477,-1.267282,0.1489121997,3,-0.0849928898,-0.2059751934,0.1907257049,0.1912490746,-0.0992976289,-0.0948631907,76.3525443846,83.7214510218,2,0
10,200,5.495294,11.012088,1.4542926053,0.836338,0.1943227504,3.14385,0.7979676088,-0.461996,0.0366051469,-1.450652,0.1471176779,4,0.4193098425,0.2209765026,0.1920684288,0.1937855295,-0.090510214,-0.0783832908,81.378397393,112.4008838063,3,0
10,200,200,9.779991,9.0267767756,3.833506,1.7056811929,-1.546201,0.4021532087,-0.86154,0.2985611575,-0.360424,0.0751707559,0,-0.1765224427,-0.1765224427,0.2026291548,0.2046068691,-0.0146712319,-0.000343158,83.4903633438,85.9127523342,4,0
19,6.996136,200,10.280137,9.9490669804,0.603339,0.1586939559,-0.573768,0.4382291961,-0.788912,0.1878483725,-0.301026,0.034705848,0,0.1752315823,0.1752315823,0.1965080831,0.2604062181,0.8085022491,0.9124978791,92.9577148853,95.5801862364,1,2
19,200,200,9.627468,4.5173565948,-0.341017,0.1218461924,-2.747189,1.0565463848,-0.443869,0.0879426589,2.558833,0.4580821808,1,0.3460727232,-0.0113473682,0.1742456958,0.2109506826,0.8251559322,0.8682609544,106.6565000668,118.9232237114,2,2
19,200,12.418572,9.926249,2.4273699031,-0.230157,0.1448028652,-2.728005,0.6950201324,0.265132,0.0323358582,2.934058,0.3223735768,2,0.8926227183,0.0797720998,0.1525260053,0.1792729269,0.8316254974,0.9063944885,105.4661127932,121.2685368796,3,2
19,200,200,9.703683,6.5735189496,3.828191,1.1220555214,-2.009697,0.7463192317,-2.089341,0.5089076096,1.659837,0.231841796,0,-0.1206547163,-0.1206547163,0.189454749,0.2622805788,0.5931662525,0.6598050689,102.4004049713,118.6003243016,4,2
24,7.909282,200,10.123295,9.6723401527,0.559741,0.1799779951,-0.394273,0.1437129754,0.390877,0.1317663399,0.250591,0.083873867,0,0.0340171298,0.0340171298,,,0.1183343765,0.3669344935,83.6394671507,93.7050322898,1,0
24,200,35.718654,10.373287,1.6998599651,-0.429747,0.098459723,-3.501169,0.4790525747,0.471479,0.0422705147,3.091992,0.2225540665,1,0.0654409835,-0.0402123868,,,0.5248132168,0.8623309417,74.7938154108,116.326918577,2,0
24,200,13.233705,9.115562,1.7580757269,0.479692,0.1690192129,-2.331302,0.7481914989,0.570203,0.0653453677,-3.335301,0.3825631462,1,0.0534225044,-0.043372891,,,0.1830935356,0.5371399954,67.1207408164,92.9483163546,3,0
24,200,200,9.792366,8.9931813373,3.843013,1.702222898,-1.710601,0.4505814275,-2.216658,0.7630024941,-1.399169,0.2214143098,1,0.0863600125,0.0701949127,,,0.1888087781,0.3114041962,78.0342647629,92.0178399888,4,0
23,8.792923,200,10.13208,9.7061875771,0.620659,0.2049129652,-0.404006,0.1282239104,0.434906,0.1273903234,0.248426,0.0828022587,0,-0.0230517577,-0.0230517577,0.1932774519,0.2258784202,0.2504656982,0.2969488213,127.2881623737,150.1253152741,1,0
23,200,31.782008,10.225595,4.44830556,-0.33359,0.11421,-2.874373,0.93888306,-0.438718,0.0924746343,2.991041,0.57609564,1,0.1702276823,0.0211194826,0.0744298841,0.0964099436,0.0744587001,0.1042712584,122.4683933967,137.4438958596,2,0
23,200,10.189403,8.450445,1.9749107002,0.726951,0.1778347842,-2.903439,0.8101516667,0.604622,0.0870801655,3.01607,0.3943930719,2,0.3707295228,0.1839374677,0.0638967971,0.0981050148,0.0695627414,0.1124651309,96.5793758461,113.6218073542,3,0
23,200,200,9.772702,8.7954184351,3.792049,1.6729088626,-2.20371,0.5528950382,-2.135098,0.7324963092,-1.329461,0.254132813,0,-0.0666907075,-0.0666907075,0.0732087958,0.1236584827,0.053559626,0.0984174971,107.038011801,116.3406173945,4,0
19,10.345527,200,10.288518,9.9616980891,0.57525,0.1565334703,-0.590443,0.439851995,-0.767674,0.1994683614,0.364934,0.033604198,2,0.0968816593,0.0118160007,0.1858496042,0.2297192271,0.7727654731,0.8582361714,96.7860229935,102.566248525,1,1
19,200,200,10.273425,4.636193244,-0.321108,0.1267921548,-2.91675,1.0948385833,-0.562644,0.0955571815,2.885115,0.4671278393,1,-0.0895874602,-0.0847426841,0.2137276317,0.2980159625,0.7837748392,0.8542260722,77.4324852401,96.7979544159,2,1
19,200,11.822673,10.128108,2.7273254004,-0.168838,0.0765675693,-2.971498,0.6708796945,-0.237582,0.030056685,2.942637,0.3566647913,0,0.0177759964,0.0177759964,0.172512631,0.2216569377,0.7492355825,0.8582891543,88.8267042216,102.8505494183,3,1
19,200,200,9.877221,9.0505892362,3.831773,1.7128042323,-1.739704,0.4225630748,-2.16141,0.7623542323,-1.031337,0.2242872835,1,-0.0041561899,0.008165968,0.2128791099,0.2401374941,0.6918717292,0.7679509676,94.4806156524,113.8963502632,4,1
15,7.536431,200,10.16461,9.6201354608,0.483331,0.160571451,-0.393743,0.1993979265,-0.343284,0.1081155833,0.410201,0.0935678137,0,-0.0705312243,-0.0705312243,0.1650395676,0.2017231888,0.2397367706,0.28072245,115.6410448142,124.2687042393,1,3
10,6.215815,200,10.211068,9.8985056667,0.571859,0.1554302598,-0.747334,0.4671242402,0.452428,0.0825719167,0.215502,0.0254977941,0,-0.0063567106,-0.0063567106,0.2454538989,0.2780119312,0.3028350972,0.3549693851,87.6457790837,98.8851436531,1,1
10,200,200,10.052483,4.395913304,-0.346932,0.1087878182,-2.993238,1.0311360994,-0.202571,0.0330759176,1.120945,0.192160054,2,0.2474931457,-0.0408956324,0.083677585,0.1644159118,0.07864153,0.1931841754,79.1229599023,86.6140645258,2,1
10,200,18.298154,10.067215,3.1256126109,0.125041,0.0369479783,-3.223055,0.7163103652,-0.093943,0.0135352913,1.319678,0.1462472543,2,0.2644142908,0.153100573,0.1501177234,0.2096475946,0.2449915428,0.4191337914,103.1825403246,116.1181371141,3,1
10,200,200,9.611893,7.5452058092,2.258983,1.1096839901,-1.562825,0.5065424013,0.627045,0.1906624868,-0.605873,0.1401525757,0,-0.0299608877,-0.0299608877,0.1334049942,0.1932176553,0.1820274732,0.3109396021,85.6851378255,90.778227605,4,1
28,4.616382,200,10.213696,9.8137258976,-0.57708,0.1651872683,-1.03779,0.5075455854,-0.437037,0.1044677366,-0.398321,0.0420556585,0,-0.1524872136,-0.1524872136,0.2597801791,0.2873031783,0.4593356487,0.5454177592,101.5505480683,107.2810812843,1,1
28,200,200,10.422943,4.4940489798,-0.384515,0.1406899625,-2.92233,1.0767459914,-0.189125,0.0383863689,1.035711,0.1873110548,1,0.7313761304,0.1949147401,0.2569235114,0.2891723748,0.5305432115,0.7038299621,95.7394643704,115.5926734638,2,1
28,200,10.152929,9.96067,2.97568347,-0.223843,0.0788456046,-2.911266,0.8233288716,-0.0979,0.0146623996,0.915542,0.1231471781,3,0.5110726038,0.1554537903,0.2239829008,0.2732064256,0.5177875953,0.723887314,93.4244122533,119.232089211,3,1
28,200,200,9.716364,6.5932649843,2.287133,1.0560119245,-2.19328,0.8540433208,0.678495,0.1952083176,0.858296,0.162259761,1,0.3190074144,0.1418589933,0.2346785579,0.2666027929,0.3412250109,0.379032646,83.2293731115,143.5243977048,4,1
12,5.972961,200,10.072921,9.8238726049,0.54057,0.1474500927,-0.656112,0.4576351805,-0.609782,0.1806708293,0.668497,0.0517982878,0,0.3683915753,0.3683915753,0.2212893146,0.2482318732,0.7105522169,0.8217365186,81.7078610796,96.6162121367,1,1
12,200,200,10.452113,4.4953964,-0.387964,0.1254406522,-3.191703,1.0999001188,0.582232,0.0943246696,2.845206,0.5093058812,1,-0.0010228394,0.0696096639,0.2033069429,0.2353526202,0.6387765193,0.7620415213,94.2157834143,114.8882322177,2,1
12,200,18.172132,10.093933,3.0571963021,-0.143716,0.0461281404,-3.223017,0.758680334,-0.236981,0.0351565723,3.384091,0.3865627021,2,1.2441488402,0.1822951154,0.231785837,0.2624356788,0.6532897553,0.7319611652,91.1417049045,105.7543942047,3,1
12,200,200,9.656212,6.9308042319,2.263972,1.011364247,-1.650263,0.6896242169,1.584362,0.448851006,-1.457543,0.3117097229,0,-0.3828770268,-0.3828770268,0.2196270627,0.2636778248,0.6380637562,0.7260626417,87.7149197934,101.4134850014,4,1
27,9.524573,200,10.23615,9.9378004335,0.593413,0.15962,-0.824356,0.4798594778,-0.252033,0.0671371527,0.234019,0.0276729655,0,0.0249481807,0.0249481807,0.2647184929,0.3034788916,0.6879062983,0.762878715,146.0440408831,168.7943512016,1,2
27,200,200,9.993423,4.4613579224,-0.366609,0.1179497184,-3.032577,1.0402891034,0.190839,0.0321143448,1.119646,0.1968038822,2,0.1260421034,0.0537422121,0.2657508302,0.3043014834,0.6796351053,0.765996408,151.7646607123,180.4201794666,2,2
27,200,15.029923,10.105242,2.2242128311,-0.152719,0.0314788575,-3.058664,0.8211214803,-0.102391,0.0143848509,1.310117,0.1375642522,1,0.0651182058,0.0140908551,0.263521124,0.3054548648,0.6793351063,0.8322828118,155.2667739536,179.8664145178,3,2
27,200,200,9.628878,7.4238861683,2.240847,1.0917136278,-1.654605,0.5479942362,0.644072,0.1923734725,-0.534963,0.1442718414,0,-0.0455284892,-0.0455284892,0.2549150425,0.2919870144,0.5749012617,0.6618652986,168.126987884,188.7514376138,4,2
23,7.26599,200,10.177735,9.7440010697,0.568848,0.1917516816,-0.397111,0.1363512438,-0.411153,0.1235065323,0.248703,0.0853639005,0,0.0909681113,0.0909681113,,,0.3666083558,0.5514338146,110.266870486,130.4987859952,1,3
23,200,27.241876,10.761128,3.1400425274,-0.398696,0.1307077769,-3.247717,0.85290657,0.523063,0.0723225294,3.364784,0.4299339432,2,0.0293508029,-0.110036743,,,0.0834459735,0.160591263,99.1374364771,123.1924989064,2,3
23,200,9.918734,10.691715,2.0037770665,0.931139,0.1354872138,-3.285553,0.8972113824,1.294523,0.1375478266,-2.591101,0.4771349477,3,0.4455995137,0.2550251534,,,0.0668891944,0.100260805,79.8859492012,89.6886806978,3,3
23,200,200,9.692088,7.305794172,2.266865,1.0859793726,-1.685698,0.612147051,1.601239,0.4802592293,-1.274342,0.3323579777,1,-0.058240094,-0.031052319,,,0.083205913,0.1203153473,129.5162396328,139.4859055169,4,3
17,9.226332,200,10.296441,9.9193707882,0.556305,0.1494331872,-0.550725,0.4244120148,0.923056,0.1939758177,-0.319059,0.0380144581,1,-0.1093035754,-0.1113085949,0.2053406038,0.258919536,0.3084092174,0.4790990677,93.3506499839,113.120786168,1,1
17,200,200,10.184665,4.6147046914,-0.360489,0.1178138131,-2.768834,1.094151181,0.484131,0.0884673798,2.784441,0.4871350801,0,-0.2055185078,-0.2055185078,0.2158913044,0.2602595492,0.4163117988,0.6598794186,76.5613112749,84.256181368,2,1
17,200,16.38248,10.134265,2.9146240525,-0.135236,0.0561198828,-3.087276,0.6493371172,-0.27737,0.0331859838,3.001456,0.3254147253,2,0.2150354957,0.1359722774,0.2804362783,0.3092671051,0.5972165454,0.7628835003,83.2843322786,99.271420006,3,1
17,200,200,9.730557,8.9461197665,3.844271,1.6737468716,-1.508529,0.4492735837,-2.069417,0.7447992023,-0.711792,0.2031397004,0,0.0717007387,0.0717007387,0.2232854269,0.2513537456,0.249817073,0.3209343993,70.3839809725,80.8222610467,4,1
22,10.199778,200,10.19005,9.6379917094,0.551213,0.1996257931,-0.415144,0.1771085764,0.145899,0.0516467192,0.109642,0.0382691921,0,0.0659065854,0.0659065854,0.2030036776,0.2613036812,0.7447213229,0.8263260641,150.5628012368,163.8380149385,1,3
22,200,33.276261,10.38397,4.4867121676,-0.372879,0.1174748468,-2.855961,1.084345659,-0.205277,0.0345168642,1.195428,0.1849519335,2,0.4003602783,0.1492228488,0.093477984,0.135361232,0.1341690879,0.2323039904,124.4379443021,142.524762209,2,3
22,200,16.712586,9.315061,2.0226828993,0.698945,0.18850157,-3.035913,0.8355516143,-0.272512,0.0379780074,1.248217,0.1847293317,1,0.1396575151,0.090180959,0.0943397872,0.2004769545,0.1323910705,0.248704689,135.8904226635,173.1281653976,3,3
22,200,200,9.659213,6.4634952674,2.233551,0.9969887645,-1.890733,0.7929622616,0.636299,0.1773933547,0.702525,0.1339011047,3,0.283235905,0.0711543659,0.1135032712,0.1278287441,0.1028486175,0.1243284573,116.0462317682,129.1230259543,4,3
20,7.909609,200,10.378486,10.09029423,0.589299,0.1644987,-0.614811,0.43665918,-0.263968,0.073437695,0.189123,0.015782735,1,-0.0733482847,-0.2177482764,0.1561169808,0.1877364004,0.8799306177,0.942425475,106.6476826242,115.281100161,1,1
20,200,200,10.399686,4.8318052547,-0.339812,0.1335123665,-2.769895,1.1782339689,0.236521,0.042088,1.190488,0.2007971894,1,0.2720949857,-0.0367845629,0.1895817286,0.245676482,0.8522283001,0.932424614,113.0150542152,130.6355606331,2,1
20,200,12.172477,10.127562,2.8562601882,-0.197213,0.1103070333,-2.571261,0.5250033941,-0.099913,0.0139189667,-1.207871,0.1271105039,4,0.3460284513,0.1366203578,0.190150962,0.2687611882,0.8316293829,0.9464602963,99.9402383018,133.0117427908,3,1
20,200,200,9.728121,8.3543548514,3.799358,1.575166442,-2.317837,0.6929302899,-0.82458,0.2958487681,-0.545438,0.0973693587,1,0.291602031,0.1004341013,0.2365199525,0.2760950357,0.7167814792,0.7981220238,137.2129607175,155.536363883,4,1
13,6.9222,200,10.111945,9.7326574478,0.566303,0.1860817463,-0.360194,0.1074561542,-0.147665,0.0487648458,0.083475,0.02806301,2,0.1238387547,0.0976698553,,,0.839206809,0.911749144,97.7390615338,105.9318791599,1,3
13,200,36.575642,10.053278,4.5662591579,-0.31933,0.1267560175,-2.774415,1.0679959357,-0.202017,0.0357615409,0.962165,0.1802185,2,0.1789499831,0.0531291065,,,0.6969274255,0.7921778426,126.1640965325,139.9295997496,2,3
13,200,12.287449,10.082708,1.8992244622,1.123382,0.1870538764,-3.565029,0.7370138993,-0.374125,0.0411818787,1.438745,0.1692540847,1,0.5005124305,0.1926253636,,,0.7660166851,0.9043053085,149.0899967532,190.8563714737,3,3
13,200,200,9.77056,9.0574363636,3.905394,1.7332752767,-1.787949,0.4428034348,-0.879281,0.3095693636,-0.511482,0.0879326759,1,-0.0055111103,-0.0762677303,,,0.8030687417,0.9143315322,111.0889533772,132.9989208986,4,3
11,8.387775,200,10.152414,9.8718638873,0.54463,0.1499298676,-0.75936,0.4681675343,-0.333007,0.0763863971,0.194239,0.0267489559,1,-0.1055773766,-0.1530795913,,,0.9070764098,0.974533771,79.309370635,96.8637854463,1,1
11,200,200,10.378952,4.4674072069,-0.39675,0.1266323822,-2.953986,1.0833503448,0.210123,0.0364633822,1.216015,0.1879053276,2,0.3055705094,0.2499022028,,,0.7805371234,0.8744472888,82.212593832,105.1928575345,2,1
11,200,18.932976,10.136073,3.2410862998,-0.114705,0.0367083557,-3.115044,0.7206567562,0.0884,0.013495745,1.34221,0.1458412886,2,0.3953528377,0.0998775866,,,0.8898880082,0.9753770246,88.6468212043,91.3116953117,3,1
11,200,200,9.685662,4.3487074712,2.246508,0.675253125,-2.130095,0.6196388827,0.615893,0.1166348962,0.786636,0.1101145673,2,1.1107578935,0.0726273742,,,0.7577866759,0.8542235084,70.7873166083,92.9095775737,4,1
17,8.999134,200,10.350658,10.089245645,0.628917,0.152789235,-0.720533,0.47278364,0.804698,0.227049785,0.512087,0.063143875,0,0.0255253529,0.0255253529,0.2126843401,0.2564765841,0.3863682856,0.6439098612,111.657778566,152.9138418469,1,2
17,200,200,10.576083,4.7698078896,-0.350694,0.1282047761,-2.856228,1.1728153313,0.532664,0.0942551564,2.932005,0.4825107209,1,-0.0981281092,-0.1520913934,0.2569564115,0.3240832438,0.4355165078,0.6716800524,77.048207072,82.8971410376,2,2
17,200,19.48912,9.566071,2.0500186519,-0.103898,0.0301624366,-2.69039,0.721559664,0.222203,0.0317719276,2.966342,0.2767412455,2,0.3841805301,0.0892446908,0.2657681035,0.3018024672,0.5726179604,0.7841705,101.7785794002,187.7611689606,3,2
17,200,200,9.729516,7.4494650487,2.266107,1.0991110357,-1.628985,0.5419179968,1.648197,0.4971404903,-1.522327,0.3484886786,0,-0.0158391983,-0.0158391983,0.1828757393,0.2260460685,0.2227675984,0.2989034922,88.1671158332,108.1689434499,4,2
28,7.794772,200,10.291491,9.9605660788,0.569768,0.1573944532,-0.567295,0.4351045714,-0.310721,0.0740292512,-0.120566,0.0135033005,1,-0.0907510654,-0.1238004098,0.1761642736,0.21375504,0.2088418893,0.2767507473,67.1152381584,88.0587751667,1,2
28,200,200,10.12259,4.6303137537,-0.355349,0.1347841929,-2.972693,1.0902525875,-0.196369,0.0371389318,1.206193,0.191136819,2,0.9182608661,0.2587251357,0.2013270902,0.2489508879,0.3898622454,0.51126779,101.6190783476,125.5499985897,2,2
28,200,11.590551,10.144289,2.2415604595,-0.206832,0.1056542363,-2.826312,0.6690498293,0.089752,0.0109179891,1.272843,0.1285998665,1,0.2710993083,-0.0157240608,0.2042691161,0.258387854,0.2432295015,0.3269347217,87.3947434021,98.4881841974,3,2
28,200,200,9.70518,8.778372567,3.889703,1.6731713525,-2.631746,0.5687741303,-0.884452,0.3063036284,-0.580234,0.1099497241,0,0.096097497,0.096097497,0.1736263051,0.1882229174,0.2002009686,0.2366617891,77.85170937,106.2813869911,4,2
14,9.324651,200,10.206645,9.8439643707,0.557394,0.1699180976,-0.767065,0.4569173268,-0.574743,0.1834497024,-0.566442,0.0662062537,1,0.1372752079,0.0825776319,0.2584815171,0.2874151324,0.684870408,0.7701698068,102.7870270825,112.5461238344,1,2
14,200,200,9.57126,3.1619842281,-0.211209,0.0996947454,2.519773,1.0474439817,0.454774,0.0579167026,-2.492241,0.5638686517,2,0.2367489039,0.0442389794,0.2505902602,0.2885145791,0.5702793624,0.827444121,93.7259027539,117.9417398846,2,2
14,200,15.980583,10.0529,2.2565740201,-0.224107,0.130992317,-2.571799,0.745948067,-0.231007,0.0305989554,2.615016,0.3289852165,1,0.143902293,0.0204461265,0.2324603752,0.2956236543,0.7237004681,0.8361801644,94.4250922974,112.8075148063,3,2
14,200,200,9.673608,7.2609320601,2.264537,1.074289962,-1.631943,0.6253204778,-1.597488,0.4872444272,-1.35613,0.3415966835,0,-0.0329969396,-0.0329969396,0.2577916042,0.3193330031,0.6160907184,0.7499496623,90.1113913583,101.6432584697,4,2
22,4.006457,200,10.249132,9.9537988627,0.603119,0.1361521422,-0.814133,0.4804399657,-0.205404,0.0680223431,0.301083,0.0284514314,0,-0.0494651398,-0.0494651398,0.1873783489,0.2396682832,0.262722863,0.3609980428,107.4389571151,119.9111889456,1,2
22,200,200,10.389408,4.6935900755,-0.39421,0.1184219637,-2.88396,1.1382080816,-0.207278,0.037495287,1.213604,0.1898763867,2,0.3200740264,0.1005704954,0.0866433102,0.1213681543,0.1181874805,0.1965156982,101.0223615483,131.9020481891,2,2
22,200,13.741161,8.227035,2.1655169399,-0.122541,0.045707676,-2.513839,0.7506101481,0.075096,0.0112526845,1.068654,0.1706882275,3,0.4691740285,0.1915819021,0.1791808675,0.2358816308,0.7932565446,0.9505547729,147.2156826786,173.5711890033,3,2
22,200,200,9.669074,7.2186363742,2.272846,1.0743612107,-2.144236,0.648246717,0.621754,0.1871328082,-0.559178,0.1566203082,2,0.100063507,-0.0287862374,0.1069694967,0.2072824167,0.106939307,0.2343092375,118.2331544076,135.0387071873,4,2
26,9.858777,200,10.208244,9.7191952537,0.54803,0.1823537413,-0.376709,0.1594784378,0.447917,0.1325170398,0.24235,0.0880353831,0,-0.0849395025,-0.0849395025,0.2760738626,0.2925597118,0.5535290442,0.6376775453,140.0811044777,153.3357670073,1,0
26,200,32.298673,10.169159,2.8651622907,-0.491174,0.1365622389,-3.166923,0.7046223148,-0.461093,0.0621515407,3.246764,0.3568735667,3,0.5861760138,0.190214308,0.2095457905,0.2639417295,0.3040685896,0.5414517948,108.8281699499,129.7694132911,2,0
26,200,17.958066,8.941514,1.5565012628,0.586594,0.1919234631,-2.888263,0.66228769,0.652539,0.0720662306,-3.046459,0.3263457183,1,0.374652603,0.1306930644,0.1863907514,0.2469739082,0.3943180108,0.6977837081,111.8871632375,125.0476957661,3,0
26,200,200,9.790023,9.0102589094,3.744898,1.6848199528,-1.616164,0.4158396457,-2.230425,0.791152815,-1.161302,0.236796878,2,0.259246929,-0.0270356795,0.2324305342,0.246933726,0.3361923744,0.3848881359,115.5704806054,123.0188093757,4,0
16,3.399795,200,10.187846,9.8798515196,0.558184,0.1463644755,-0.62223,0.4451430098,0.761916,0.2099135196,0.39707,0.0491246373,0,0.0259034799,0.0259034799,0.2315252449,0.2872774866,0.3735164172,0.5196510928,71.6950732902,80.4090623167,1,1
16,200,200,10.095758,4.5979442684,-0.353695,0.121985233,-2.724737,1.0822419086,-0.499236,0.0953579705,2.740895,0.475987118,1,0.1239475416,-0.0271084021,0.2020589041,0.2590513193,0.3136024459,0.4666110299,76.1966547587,104.1457082014,2,1
16,200,10.519703,9.559446,2.5705163681,-0.15321,0.0779887965,-2.901993,0.5668600106,0.337736,0.0321957717,2.854874,0.3663001292,1,-0.0216304827,-0.0063614142,0.1634431297,0.2199049485,0.2283787887,0.3649488715,87.6502264822,129.5372271548,3,1
16,200,200,9.719872,8.82381465,3.822284,1.6666266731,-1.662548,0.5105417385,-2.127134,0.7341717385,-0.835707,0.2076755885,0,0.0045394568,0.0045394568,0.1445481343,0.1910544558,0.1370987517,0.2005169117,92.5492222322,116.0558216154,4,1
27,8.370679,200,10.175079,9.7895120151,0.599343,0.1928935528,-0.386862,0.119111201,0.169331,0.050174392,0.098646,0.0314920804,0,-0.0387681247,-0.0387681247,0.2830735614,0.3142452828,0.5853998671,0.6638895967,114.1606683251,125.9415284753,1,3
27,200,33.605484,10.394584,4.3336031783,-0.370671,0.1175147354,-2.970713,0.9295672813,-0.249251,0.0343272033,1.168925,0.2166159805,1,0.1884621901,0.0954329753,0.2867935398,0.336209331,0.5408039021,0.7120513333,122.1747844064,152.8430215353,2,3
27,200,10.98922,8.233013,1.6177396562,0.660511,0.1695441631,-2.950085,0.6777746208,0.239637,0.0285386562,1.18479,0.1336584086,0,0.127045034,0.127045034,0.256763452,0.3069233724,0.7361168849,0.8484085012,114.4191255654,128.941994883,3,3
27,200,200,9.589738,5.9198264142,2.272868,0.898561686,-1.915627,0.7959647177,0.631712,0.1590446201,0.727681,0.1441350897,0,-0.092417057,-0.092417057,0.2615761602,0.2814382279,0.3595131442,0.4150696331,118.4595377991,192.4051306967,4,3
10,10.231702,200,10.156094,9.6840581089,0.604289,0.2036931089,-0.369217,0.1440597426,0.191457,0.0551784604,0.092196,0.0329953317,0,-0.0443069394,-0.0443069394,0.1733124626,0.201132921,0.1659807002,0.1946525384,98.9410768521,106.6296684107,1,3
10,200,36.620158,10.381073,4.4923581623,-0.401586,0.1292062841,-3.083635,1.0739089507,-0.200276,0.036777342,1.340723,0.211647487,1,0.166716527,0.0888456598,0.0526104501,0.125250548,0.0546857927,0.1317315291,113.2133457991,166.50196929,2,3
10,200,13.359791,10.480429,1.6364625884,0.918151,0.196740249,3.130767,0.8203608454,-0.31001,0.0376690361,-1.17009,0.1645893072,0,0.0648268628,0.0648268628,0.1932432732,0.268103818,0.2199429088,0.3490023969,108.2049903159,170.3294495039,3,3
10,200,200,9.64752,7.6216645515,2.256993,1.1237659601,-1.585264,0.481991711,0.622286,0.1961630897,-0.657169,0.1308736678,0,-0.0481143148,-0.0481143148,0.1535006934,0.238856818,0.1987304589,0.3330091309,99.5397944079,113.2407860713,4,3
9,6.632287,200,10.142803,9.8099938398,0.58743,0.1441686117,-0.72958,0.4726183641,-0.252001,0.0771435388,0.274557,0.0260427816,0,-0.062714566,-0.062714566,0.2356823787,0.2644852853,0.4866011876,0.5775061957,129.1256798871,151.5755871083,1,1
9,200,200,10.386993,4.5062863353,-0.34203,0.114239211,-2.973385,1.0879613064,0.178367,0.0350797254,1.184219,0.1910610665,2,0.1056950606,-0.0078885409,0.2421657972,0.3130313078,0.4367542732,0.519499155,150.4726241653,189.0540062674,2,1
9,200,20.920963,10.110507,3.0686580932,-0.165442,0.0422237945,-2.429198,0.7344287775,-0.122985,0.0136822267,-1.11163,0.1640371695,0,0.0459558054,0.0459558054,0.2093473264,0.239428893,0.860242688,0.9143822248,119.6942645612,151.5881420523,3,1
9,200,200,9.628624,7.2755198006,2.283738,1.082539693,-1.741129,0.616780057,0.625575,0.1854746139,-0.510491,0.1305178608,2,0.1775171975,0.0618437645,0.2280482882,0.2681612683,0.7002359587,0.8881323918,141.9097548034,161.1525023725,4,1
24,7.004564,200,10.253059,9.9857718515,0.576357,0.163548995,-0.838414,0.4833555594,0.791993,0.1675116188,0.487806,0.0744649307,1,0.1804820391,0.1055706248,0.0962018611,0.1209583564,0.1308445485,0.1905946668,91.2935737854,95.1872426683,1,1
24,200,200,10.403857,4.0538242135,-0.363883,0.1204684089,-2.831645,0.9473437708,-0.457668,0.0795221172,2.912334,0.4185712161,2,0.1969143365,0.028743512,0.1555878857,0.1956798292,0.1915850835,0.3529227131,74.2510023849,112.704805453,2,1
24,200,9.277222,10.13786,2.9836039754,-0.192904,0.1054105471,-2.974877,0.55987575,0.249171,0.035003207,3.071085,0.3013417111,2,0.1259441717,0.0007048696,0.1482994078,0.2186752663,0.1837898375,0.3009460775,114.474391595,124.5382743882,3,1
24,200,200,9.666817,5.6553773795,2.218981,0.8748629282,-1.758023,0.7736571,1.648123,0.3804119179,-1.377331,0.3252243615,1,0.0273487042,-0.0280461142,0.1424026249,0.2564110599,0.1848776467,0.3877385273,88.9173872006,100.8158782245,4,1
13,10.387134,200,10.278133,9.9298106305,0.552777,0.1617292118,-0.567946,0.421988532,-0.264617,0.0822750246,0.128807,0.0172119901,0,-0.0790114633,-0.0790114633,0.1310469061,0.1543500253,0.9314644025,0.9564912099,137.0507944216,149.3749427837,1,1
13,200,200,10.01582,4.6902416687,-0.353392,0.1315829096,-2.709328,1.0964855241,0.166132,0.0374049608,1.164851,0.1949450181,2,0.4222724539,0.1159481754,0.1722636627,0.2289326372,0.8384874718,0.916907287,130.8108275538,173.0086403142,2,1
13,200,20.201231,10.079475,2.6957916841,-0.151057,0.0597492692,-2.237425,0.6233238243,-0.102642,0.011998243,-0.979078,0.1296516505,1,0.4509135646,0.1697039088,0.0812352619,0.1478935148,0.9419208663,1.0007757426,136.9123976863,162.1841554075,3,1
13,200,200,9.708439,9.0030008667,3.88877,1.7083728196,-2.04543,0.4500347451,-0.886312,0.3079103294,-0.462584,0.0942396941,0,0.0505440939,0.0505440939,0.1321799297,0.1695338077,0.9358164655,0.9665374246,100.5505575373,131.1381768544,4,1
25,8.366385,200,10.132447,9.6860172886,0.569028,0.1927108358,-0.389073,0.138195791,0.405683,0.1338856269,0.243752,0.0849181542,1,0.9382664722,0.6142397575,0.2314704997,0.2733469705,0.4635649063,0.5856892553,72.3783050121,85.8449792516,1,3
25,200,25.861769,11.192618,4.44766935,3.768419,0.3283712312,3.254827,0.5878054115,-2.167023,0.1914146572,-3.229509,0.2599631508,18,1.5160092743,0.1277059332,0.2552913113,0.3364751627,0.4806771857,0.8121159657,92.1335063246,192.2795359171,2,3
12,12.294682,200,10.230781,9.9162628186,0.444767,0.1448968775,-0.838081,0.4327016618,-0.657148,0.1629121912,0.503813,0.103909299,0,-0.2460357557,-0.2460357557,0.1728621109,0.1988936988,0.6009931392,0.7138560257,94.347987912,97.9371027615,1,2
12,200,200,10.665139,3.9489439413,-0.382551,0.1225329515,-3.272738,1.0410053878,-0.685228,0.0867503699,-2.980838,0.6465396862,0,0.1154677498,0.1154677498,0.2075278971,0.2627994677,0.7119127219,0.8384698772,112.8131428563,129.0711758394,2,2
12,200,12.791357,9.431574,2.2192468359,-0.134227,0.0490957029,2.862881,0.8059283481,-0.257957,0.0295902395,2.887377,0.4956156763,4,2.0114442503,0.9191632118,0.2480148971,0.2826425233,0.6179457257,0.7280542972,99.6644118027,114.3746179709,3,2
12,200,200,9.645985,4.4655126274,2.231433,0.7225385853,-2.295371,0.6716128337,1.577228,0.3187353074,1.388428,0.3140146632,0,-0.1284603144,-0.1284603144,0.2680669454,0.28334133,0.5955321184,0.6698398529,89.5856559941,104.5258489012,4,2
